2025-12-02 00:08:15,471 INFO  [org.jboss.modules] (main) JBoss Modules version 1.12.0.Final
2025-12-02 00:08:15,837 INFO  [org.jboss.msc] (main) JBoss MSC version 1.4.13.Final
2025-12-02 00:08:15,840 INFO  [org.jboss.threads] (main) JBoss Threads version 2.4.0.Final
2025-12-02 00:08:15,919 INFO  [org.jboss.as] (MSC service thread 1-2) WFLYSRV0049: WildFly Full 25.0.1.Final (WildFly Core 17.0.3.Final) starting
2025-12-02 00:08:15,920 DEBUG [org.jboss.as.config] (MSC service thread 1-2) Configured system properties:
	[Standalone] = 
	apple.awt.application.name = Main
	file.encoding = UTF-8
	file.separator = /
	ftp.nonProxyHosts = local|*.local|169.254/16|*.169.254/16
	http.nonProxyHosts = local|*.local|169.254/16|*.169.254/16
	java.awt.headless = true
	java.class.path = /Users/nokia208dualsim/IdeaProjects/is-lab1/wildfly-25.0.1.Final/jboss-modules.jar
	java.class.version = 66.0
	java.home = /Users/nokia208dualsim/Library/Java/JavaVirtualMachines/openjdk-22.0.2/Contents/Home
	java.io.tmpdir = /var/folders/xy/72t2pzgx7bl70lc537_wphz40000gn/T/
	java.library.path = /Users/nokia208dualsim/Library/Java/Extensions:/Library/Java/Extensions:/Network/Library/Java/Extensions:/System/Library/Java/Extensions:/usr/lib/java:.
	java.net.preferIPv4Stack = true
	java.runtime.name = OpenJDK Runtime Environment
	java.runtime.version = 22.0.2+9-70
	java.specification.name = Java Platform API Specification
	java.specification.vendor = Oracle Corporation
	java.specification.version = 22
	java.util.logging.manager = org.jboss.logmanager.LogManager
	java.vendor = Oracle Corporation
	java.vendor.url = https://java.oracle.com/
	java.vendor.url.bug = https://bugreport.java.com/bugreport/
	java.version = 22.0.2
	java.version.date = 2024-07-16
	java.vm.compressedOopsMode = Zero based
	java.vm.info = mixed mode, sharing
	java.vm.name = OpenJDK 64-Bit Server VM
	java.vm.specification.name = Java Virtual Machine Specification
	java.vm.specification.vendor = Oracle Corporation
	java.vm.specification.version = 22
	java.vm.vendor = Oracle Corporation
	java.vm.version = 22.0.2+9-70
	javax.management.builder.initial = org.jboss.as.jmx.PluggableMBeanServerBuilder
	jboss.home.dir = /Users/nokia208dualsim/IdeaProjects/is-lab1/wildfly-25.0.1.Final
	jboss.host.name = macbook-air-nokia
	jboss.modules.dir = /Users/nokia208dualsim/IdeaProjects/is-lab1/wildfly-25.0.1.Final/modules
	jboss.modules.system.pkgs = org.jboss.byteman
	jboss.node.name = macbook-air-nokia
	jboss.qualified.host.name = macbook-air-nokia.local
	jboss.server.base.dir = /Users/nokia208dualsim/IdeaProjects/is-lab1/wildfly-25.0.1.Final/standalone
	jboss.server.config.dir = /Users/nokia208dualsim/IdeaProjects/is-lab1/wildfly-25.0.1.Final/standalone/configuration
	jboss.server.data.dir = /Users/nokia208dualsim/IdeaProjects/is-lab1/wildfly-25.0.1.Final/standalone/data
	jboss.server.deploy.dir = /Users/nokia208dualsim/IdeaProjects/is-lab1/wildfly-25.0.1.Final/standalone/data/content
	jboss.server.log.dir = /Users/nokia208dualsim/IdeaProjects/is-lab1/wildfly-25.0.1.Final/standalone/log
	jboss.server.name = macbook-air-nokia
	jboss.server.persist.config = true
	jboss.server.temp.dir = /Users/nokia208dualsim/IdeaProjects/is-lab1/wildfly-25.0.1.Final/standalone/tmp
	jdk.debug = release
	line.separator = 

	logging.configuration = file:/Users/nokia208dualsim/IdeaProjects/is-lab1/wildfly-25.0.1.Final/standalone/configuration/logging.properties
	module.path = /Users/nokia208dualsim/IdeaProjects/is-lab1/wildfly-25.0.1.Final/modules
	native.encoding = UTF-8
	org.jboss.boot.log.file = /Users/nokia208dualsim/IdeaProjects/is-lab1/wildfly-25.0.1.Final/standalone/log/server.log
	org.jboss.resolver.warning = true
	os.arch = aarch64
	os.name = Mac OS X
	os.version = 26.0.1
	path.separator = :
	socksNonProxyHosts = local|*.local|169.254/16|*.169.254/16
	stderr.encoding = UTF-8
	stdout.encoding = UTF-8
	sun.arch.data.model = 64
	sun.boot.library.path = /Users/nokia208dualsim/Library/Java/JavaVirtualMachines/openjdk-22.0.2/Contents/Home/lib
	sun.cpu.endian = little
	sun.io.unicode.encoding = UnicodeBig
	sun.java.command = /Users/nokia208dualsim/IdeaProjects/is-lab1/wildfly-25.0.1.Final/jboss-modules.jar -mp /Users/nokia208dualsim/IdeaProjects/is-lab1/wildfly-25.0.1.Final/modules org.jboss.as.standalone -Djboss.home.dir=/Users/nokia208dualsim/IdeaProjects/is-lab1/wildfly-25.0.1.Final -Djboss.server.base.dir=/Users/nokia208dualsim/IdeaProjects/is-lab1/wildfly-25.0.1.Final/standalone
	sun.java.launcher = SUN_STANDARD
	sun.jnu.encoding = UTF-8
	sun.management.compiler = HotSpot 64-Bit Tiered Compilers
	user.country = RU
	user.dir = /Users/nokia208dualsim/IdeaProjects/is-lab1/wildfly-25.0.1.Final/bin
	user.home = /Users/nokia208dualsim
	user.language = ru
	user.name = nokia208dualsim
	user.timezone = Europe/Moscow
2025-12-02 00:08:15,921 DEBUG [org.jboss.as.config] (MSC service thread 1-2) VM Arguments: -D[Standalone] -Xms64m -Xmx512m -XX:MetaspaceSize=96M -XX:MaxMetaspaceSize=256m -Djava.net.preferIPv4Stack=true -Djboss.modules.system.pkgs=org.jboss.byteman -Djava.awt.headless=true --add-exports=java.desktop/sun.awt=ALL-UNNAMED --add-exports=java.naming/com.sun.jndi.ldap=ALL-UNNAMED --add-opens=java.base/java.lang=ALL-UNNAMED --add-opens=java.base/java.lang.invoke=ALL-UNNAMED --add-opens=java.base/java.lang.reflect=ALL-UNNAMED --add-opens=java.base/java.io=ALL-UNNAMED --add-opens=java.base/java.security=ALL-UNNAMED --add-opens=java.base/java.util=ALL-UNNAMED --add-opens=java.base/java.util.concurrent=ALL-UNNAMED --add-opens=java.management/javax.management=ALL-UNNAMED --add-opens=java.naming/javax.naming=ALL-UNNAMED -Dorg.jboss.boot.log.file=/Users/nokia208dualsim/IdeaProjects/is-lab1/wildfly-25.0.1.Final/standalone/log/server.log -Dlogging.configuration=file:/Users/nokia208dualsim/IdeaProjects/is-lab1/wildfly-25.0.1.Final/standalone/configuration/logging.properties 
2025-12-02 00:08:16,219 INFO  [org.wildfly.security] (ServerService Thread Pool -- 25) ELY00001: WildFly Elytron version 1.17.1.Final
2025-12-02 00:08:16,620 INFO  [org.jboss.as.repository] (ServerService Thread Pool -- 9) WFLYDR0001: Content added at location /Users/nokia208dualsim/IdeaProjects/is-lab1/wildfly-25.0.1.Final/standalone/data/content/e0/dc5141dd461a82baaab57b31d706ec73a56f36/content
2025-12-02 00:08:16,631 INFO  [org.jboss.as.server] (Controller Boot Thread) WFLYSRV0039: Creating http management service using socket-binding (management-http)
2025-12-02 00:08:16,644 INFO  [org.xnio] (MSC service thread 1-2) XNIO version 3.8.4.Final
2025-12-02 00:08:16,652 INFO  [org.xnio.nio] (MSC service thread 1-2) XNIO NIO Implementation Version 3.8.4.Final
2025-12-02 00:08:16,669 INFO  [org.wildfly.extension.elytron.oidc._private] (ServerService Thread Pool -- 52) WFLYOIDC0001: Activating WildFly Elytron OIDC Subsystem
2025-12-02 00:08:16,671 INFO  [org.jboss.as.clustering.infinispan] (ServerService Thread Pool -- 54) WFLYCLINF0001: Activating Infinispan subsystem.
2025-12-02 00:08:16,671 INFO  [org.wildfly.extension.health] (ServerService Thread Pool -- 53) WFLYHEALTH0001: Activating Base Health Subsystem
2025-12-02 00:08:16,679 INFO  [org.jboss.as.jaxrs] (ServerService Thread Pool -- 56) WFLYRS0016: RESTEasy version 4.7.2.Final
2025-12-02 00:08:16,681 INFO  [org.wildfly.extension.io] (ServerService Thread Pool -- 55) WFLYIO001: Worker 'default' has auto-configured to 16 IO threads with 128 max task threads based on your 8 available processors
2025-12-02 00:08:16,690 INFO  [org.wildfly.extension.microprofile.jwt.smallrye] (ServerService Thread Pool -- 65) WFLYJWT0001: Activating MicroProfile JWT Subsystem
2025-12-02 00:08:16,691 INFO  [org.wildfly.extension.microprofile.config.smallrye] (ServerService Thread Pool -- 64) WFLYCONF0001: Activating MicroProfile Config Subsystem
2025-12-02 00:08:16,698 INFO  [org.jboss.as.naming] (ServerService Thread Pool -- 67) WFLYNAM0001: Activating Naming Subsystem
2025-12-02 00:08:16,702 INFO  [org.wildfly.extension.microprofile.opentracing] (ServerService Thread Pool -- 66) WFLYTRACEXT0001: Activating MicroProfile OpenTracing Subsystem
2025-12-02 00:08:16,702 INFO  [org.jboss.as.jsf] (ServerService Thread Pool -- 61) WFLYJSF0007: Activated the following Jakarta Server Faces Implementations: [main]
2025-12-02 00:08:16,703 WARN  [org.jboss.as.txn] (ServerService Thread Pool -- 74) WFLYTX0013: The node-identifier attribute on the /subsystem=transactions is set to the default value. This is a danger for environments running multiple servers. Please make sure the attribute value is unique.
2025-12-02 00:08:16,704 INFO  [org.wildfly.extension.metrics] (ServerService Thread Pool -- 63) WFLYMETRICS0001: Activating Base Metrics Subsystem
2025-12-02 00:08:16,706 INFO  [org.jboss.remoting] (MSC service thread 1-3) JBoss Remoting version 5.0.23.Final
2025-12-02 00:08:16,713 INFO  [org.jboss.as.connector.subsystems.datasources] (ServerService Thread Pool -- 44) WFLYJCA0004: Deploying JDBC-compliant driver class org.h2.Driver (version 1.4)
2025-12-02 00:08:16,717 INFO  [org.jboss.as.webservices] (ServerService Thread Pool -- 76) WFLYWS0002: Activating WebServices Extension
2025-12-02 00:08:16,722 INFO  [org.jboss.as.connector.deployers.jdbc] (MSC service thread 1-2) WFLYJCA0018: Started Driver service with driver-name = h2
2025-12-02 00:08:16,723 INFO  [org.jboss.as.connector] (MSC service thread 1-8) WFLYJCA0009: Starting Jakarta Connectors Subsystem (WildFly/IronJacamar 1.5.2.Final)
2025-12-02 00:08:16,741 INFO  [org.jboss.as.naming] (MSC service thread 1-7) WFLYNAM0003: Starting Naming Service
2025-12-02 00:08:16,743 INFO  [org.jboss.as.mail.extension] (MSC service thread 1-4) WFLYMAIL0001: Bound mail session [java:jboss/mail/Default]
2025-12-02 00:08:16,753 INFO  [org.wildfly.extension.undertow] (MSC service thread 1-2) WFLYUT0003: Undertow 2.2.12.Final starting
2025-12-02 00:08:16,757 WARN  [org.wildfly.extension.elytron] (MSC service thread 1-3) WFLYELY00023: KeyStore file '/Users/nokia208dualsim/IdeaProjects/is-lab1/wildfly-25.0.1.Final/standalone/configuration/application.keystore' does not exist. Used blank.
2025-12-02 00:08:16,768 WARN  [org.wildfly.extension.elytron] (MSC service thread 1-4) WFLYELY01084: KeyStore /Users/nokia208dualsim/IdeaProjects/is-lab1/wildfly-25.0.1.Final/standalone/configuration/application.keystore not found, it will be auto generated on first use with a self-signed certificate for host localhost
2025-12-02 00:08:16,806 INFO  [org.jboss.as.ejb3] (MSC service thread 1-2) WFLYEJB0482: Strict pool mdb-strict-max-pool is using a max instance size of 32 (per class), which is derived from the number of CPUs on this host.
2025-12-02 00:08:16,806 INFO  [org.jboss.as.ejb3] (MSC service thread 1-7) WFLYEJB0481: Strict pool slsb-strict-max-pool is using a max instance size of 128 (per class), which is derived from thread worker pool sizing.
2025-12-02 00:08:16,807 INFO  [org.wildfly.extension.undertow] (ServerService Thread Pool -- 75) WFLYUT0014: Creating file handler for path '/Users/nokia208dualsim/IdeaProjects/is-lab1/wildfly-25.0.1.Final/welcome-content' with options [directory-listing: 'false', follow-symlink: 'false', case-sensitive: 'true', safe-symlink-paths: '[]']
2025-12-02 00:08:16,812 INFO  [org.wildfly.extension.undertow] (MSC service thread 1-1) WFLYUT0012: Started server default-server.
2025-12-02 00:08:16,813 INFO  [org.wildfly.extension.undertow] (MSC service thread 1-4) Queuing requests.
2025-12-02 00:08:16,814 INFO  [org.wildfly.extension.undertow] (MSC service thread 1-4) WFLYUT0018: Host default-host starting
2025-12-02 00:08:16,870 INFO  [org.wildfly.extension.undertow] (MSC service thread 1-2) WFLYUT0006: Undertow HTTP listener default listening on 127.0.0.1:8080
2025-12-02 00:08:16,872 INFO  [org.jboss.as.ejb3] (MSC service thread 1-1) WFLYEJB0493: Jakarta Enterprise Beans subsystem suspension complete
2025-12-02 00:08:16,900 INFO  [org.jboss.as.connector.subsystems.datasources] (MSC service thread 1-6) WFLYJCA0001: Bound data source [java:jboss/datasources/ExampleDS]
2025-12-02 00:08:16,904 INFO  [org.wildfly.extension.undertow] (MSC service thread 1-4) WFLYUT0006: Undertow HTTPS listener https listening on 127.0.0.1:8443
2025-12-02 00:08:16,980 INFO  [org.jboss.as.patching] (MSC service thread 1-1) WFLYPAT0050: WildFly Full cumulative patch ID is: base, one-off patches include: none
2025-12-02 00:08:16,981 INFO  [org.jboss.as.server.deployment.scanner] (MSC service thread 1-5) WFLYDS0013: Started FileSystemDeploymentService for directory /Users/nokia208dualsim/IdeaProjects/is-lab1/wildfly-25.0.1.Final/standalone/deployments
2025-12-02 00:08:16,985 INFO  [org.jboss.as.server.deployment] (MSC service thread 1-1) WFLYSRV0027: Starting deployment of "pgJDBC 42.7.5.jar" (runtime-name: "pgJDBC 42.7.5.jar")
2025-12-02 00:08:16,985 INFO  [org.jboss.as.server.deployment] (MSC service thread 1-2) WFLYSRV0027: Starting deployment of "flatmanager.war" (runtime-name: "flatmanager.war")
2025-12-02 00:08:17,037 INFO  [org.jboss.ws.common.management] (MSC service thread 1-8) JBWS022052: Starting JBossWS 5.4.4.Final (Apache CXF 3.4.4) 
2025-12-02 00:08:17,404 INFO  [org.jboss.as.connector.deployers.jdbc] (MSC service thread 1-2) WFLYJCA0005: Deploying non-JDBC-compliant driver class org.postgresql.Driver (version 42.7)
2025-12-02 00:08:17,411 INFO  [org.jboss.as.connector.deployers.jdbc] (MSC service thread 1-2) WFLYJCA0018: Started Driver service with driver-name = pgJDBC 42.7.5.jar
2025-12-02 00:08:17,564 INFO  [org.infinispan.CONTAINER] (ServerService Thread Pool -- 78) ISPN000128: Infinispan version: Infinispan 'Taedonggang' 12.1.7.Final
2025-12-02 00:08:17,597 INFO  [org.infinispan.CONFIG] (MSC service thread 1-2) ISPN000152: Passivation configured without an eviction policy being selected. Only manually evicted entities will be passivated.
2025-12-02 00:08:17,598 INFO  [org.infinispan.CONFIG] (MSC service thread 1-2) ISPN000152: Passivation configured without an eviction policy being selected. Only manually evicted entities will be passivated.
2025-12-02 00:08:17,621 INFO  [org.infinispan.CONTAINER] (ServerService Thread Pool -- 78) ISPN000556: Starting user marshaller 'org.wildfly.clustering.infinispan.spi.marshalling.InfinispanProtoStreamMarshaller'
2025-12-02 00:08:17,660 INFO  [org.infinispan.CONTAINER] (ServerService Thread Pool -- 78) ISPN000025: wakeUpInterval is <= 0, not starting expired purge thread
2025-12-02 00:08:17,671 INFO  [org.jboss.as.clustering.infinispan] (ServerService Thread Pool -- 78) WFLYCLINF0002: Started http-remoting-connector cache from ejb container
2025-12-02 00:08:18,458 INFO  [org.jboss.as.jpa] (MSC service thread 1-3) WFLYJPA0002: Read persistence.xml for flatPU
2025-12-02 00:08:18,560 INFO  [org.jipijapa] (MSC service thread 1-7) JIPIORMV53020253: Second level cache enabled for flatmanager.war#flatPU
2025-12-02 00:08:18,585 INFO  [org.jboss.as.jpa] (ServerService Thread Pool -- 78) WFLYJPA0010: Starting Persistence Unit (phase 1 of 2) Service 'flatmanager.war#flatPU'
2025-12-02 00:08:18,595 INFO  [org.hibernate.jpa.internal.util.LogHelper] (ServerService Thread Pool -- 78) HHH000204: Processing PersistenceUnitInfo [
	name: flatPU
	...]
2025-12-02 00:08:18,614 INFO  [org.jboss.weld.deployer] (MSC service thread 1-2) WFLYWELD0003: Processing weld deployment flatmanager.war
2025-12-02 00:08:18,634 INFO  [org.hibernate.Version] (ServerService Thread Pool -- 78) HHH000412: Hibernate Core {5.3.23.Final}
2025-12-02 00:08:18,634 INFO  [org.hibernate.cfg.Environment] (ServerService Thread Pool -- 78) HHH000206: hibernate.properties not found
2025-12-02 00:08:18,671 INFO  [org.hibernate.validator.internal.util.Version] (MSC service thread 1-2) HV000001: Hibernate Validator 6.0.22.Final
2025-12-02 00:08:18,723 INFO  [org.hibernate.annotations.common.Version] (ServerService Thread Pool -- 78) HCANN000001: Hibernate Commons Annotations {5.0.5.Final}
2025-12-02 00:08:18,746 INFO  [org.jboss.as.ejb3.deployment] (MSC service thread 1-2) WFLYEJB0473: JNDI bindings for session bean named 'CoordinatesDAO' in deployment unit 'deployment "flatmanager.war"' are as follows:

	java:global/flatmanager/CoordinatesDAO!flatmanager.dao.CoordinatesDAO
	java:app/flatmanager/CoordinatesDAO!flatmanager.dao.CoordinatesDAO
	java:module/CoordinatesDAO!flatmanager.dao.CoordinatesDAO
	java:global/flatmanager/CoordinatesDAO
	java:app/flatmanager/CoordinatesDAO
	java:module/CoordinatesDAO

2025-12-02 00:08:18,746 INFO  [org.jboss.as.ejb3.deployment] (MSC service thread 1-2) WFLYEJB0473: JNDI bindings for session bean named 'HouseDAO' in deployment unit 'deployment "flatmanager.war"' are as follows:

	java:global/flatmanager/HouseDAO!flatmanager.dao.HouseDAO
	java:app/flatmanager/HouseDAO!flatmanager.dao.HouseDAO
	java:module/HouseDAO!flatmanager.dao.HouseDAO
	java:global/flatmanager/HouseDAO
	java:app/flatmanager/HouseDAO
	java:module/HouseDAO

2025-12-02 00:08:18,746 INFO  [org.jboss.as.ejb3.deployment] (MSC service thread 1-2) WFLYEJB0473: JNDI bindings for session bean named 'NotificationService' in deployment unit 'deployment "flatmanager.war"' are as follows:

	java:global/flatmanager/NotificationService!flatmanager.service.NotificationService
	java:app/flatmanager/NotificationService!flatmanager.service.NotificationService
	java:module/NotificationService!flatmanager.service.NotificationService
	java:global/flatmanager/NotificationService
	java:app/flatmanager/NotificationService
	java:module/NotificationService

2025-12-02 00:08:18,746 INFO  [org.jboss.as.ejb3.deployment] (MSC service thread 1-2) WFLYEJB0473: JNDI bindings for session bean named 'FlatService' in deployment unit 'deployment "flatmanager.war"' are as follows:

	java:global/flatmanager/FlatService!flatmanager.service.FlatService
	java:app/flatmanager/FlatService!flatmanager.service.FlatService
	java:module/FlatService!flatmanager.service.FlatService
	java:global/flatmanager/FlatService
	java:app/flatmanager/FlatService
	java:module/FlatService

2025-12-02 00:08:18,746 INFO  [org.jboss.as.ejb3.deployment] (MSC service thread 1-2) WFLYEJB0473: JNDI bindings for session bean named 'CoordinatesService' in deployment unit 'deployment "flatmanager.war"' are as follows:

	java:global/flatmanager/CoordinatesService!flatmanager.service.CoordinatesService
	java:app/flatmanager/CoordinatesService!flatmanager.service.CoordinatesService
	java:module/CoordinatesService!flatmanager.service.CoordinatesService
	java:global/flatmanager/CoordinatesService
	java:app/flatmanager/CoordinatesService
	java:module/CoordinatesService

2025-12-02 00:08:18,746 INFO  [org.jboss.as.ejb3.deployment] (MSC service thread 1-2) WFLYEJB0473: JNDI bindings for session bean named 'HouseService' in deployment unit 'deployment "flatmanager.war"' are as follows:

	java:global/flatmanager/HouseService!flatmanager.service.HouseService
	java:app/flatmanager/HouseService!flatmanager.service.HouseService
	java:module/HouseService!flatmanager.service.HouseService
	java:global/flatmanager/HouseService
	java:app/flatmanager/HouseService
	java:module/HouseService

2025-12-02 00:08:18,746 INFO  [org.jboss.as.ejb3.deployment] (MSC service thread 1-2) WFLYEJB0473: JNDI bindings for session bean named 'FlatDAO' in deployment unit 'deployment "flatmanager.war"' are as follows:

	java:global/flatmanager/FlatDAO!flatmanager.dao.FlatDAO
	java:app/flatmanager/FlatDAO!flatmanager.dao.FlatDAO
	java:module/FlatDAO!flatmanager.dao.FlatDAO
	java:global/flatmanager/FlatDAO
	java:app/flatmanager/FlatDAO
	java:module/FlatDAO

2025-12-02 00:08:18,794 INFO  [io.jaegertracing.internal.JaegerTracer] (MSC service thread 1-2) No shutdown hook registered: Please call close() manually on application shutdown.
2025-12-02 00:08:18,795 INFO  [org.wildfly.microprofile.opentracing.smallrye] (MSC service thread 1-2) WFLYTRAC0001: Tracer initialized: JaegerTracer(version=Java-1.6.0, serviceName=flatmanager.war, reporter=RemoteReporter(sender=org.wildfly.extension.microprofile.opentracing.spi.sender.WildFlySender@12e66b7a, closeEnqueueTimeout=1000), sampler=ConstSampler(decision=true, tags={sampler.type=const, sampler.param=true}), tags={hostname=MacBook-Air-nokia.local, jaeger.version=Java-1.6.0, ip=127.0.0.1}, zipkinSharedRpcSpan=false, expandExceptionLogs=false, useTraceId128Bit=false)
2025-12-02 00:08:18,855 INFO  [org.jipijapa] (MSC service thread 1-7) JIPIORMV53020253: Second level cache enabled for flatmanager.war#flatPU
2025-12-02 00:08:18,961 INFO  [org.jboss.as.connector.deployers.jdbc] (MSC service thread 1-7) WFLYJCA0005: Deploying non-JDBC-compliant driver class org.postgresql.Driver (version 42.7)
2025-12-02 00:08:18,970 INFO  [org.jboss.weld.Version] (MSC service thread 1-7) WELD-000900: 3.1.8 (Final)
2025-12-02 00:08:18,996 INFO  [org.jboss.as.connector.deployers.jdbc] (MSC service thread 1-5) WFLYJCA0018: Started Driver service with driver-name = flatmanager.war_org.postgresql.Driver_42_7
2025-12-02 00:08:19,052 INFO  [org.jboss.as.jpa] (ServerService Thread Pool -- 78) WFLYJPA0010: Starting Persistence Unit (phase 2 of 2) Service 'flatmanager.war#flatPU'
2025-12-02 00:08:19,136 INFO  [org.hibernate.dialect.Dialect] (ServerService Thread Pool -- 78) HHH000400: Using dialect: org.hibernate.dialect.H2Dialect
2025-12-02 00:08:19,165 INFO  [org.hibernate.envers.boot.internal.EnversServiceImpl] (ServerService Thread Pool -- 78) Envers integration enabled? : true
2025-12-02 00:08:19,448 INFO  [stdout] (ServerService Thread Pool -- 78) Hibernate: 
2025-12-02 00:08:19,448 INFO  [stdout] (ServerService Thread Pool -- 78)     
2025-12-02 00:08:19,448 INFO  [stdout] (ServerService Thread Pool -- 78)     drop table coordinates if exists
2025-12-02 00:08:19,450 INFO  [stdout] (ServerService Thread Pool -- 78) Hibernate: 
2025-12-02 00:08:19,450 INFO  [stdout] (ServerService Thread Pool -- 78)     
2025-12-02 00:08:19,450 INFO  [stdout] (ServerService Thread Pool -- 78)     drop table flats if exists
2025-12-02 00:08:19,450 INFO  [stdout] (ServerService Thread Pool -- 78) Hibernate: 
2025-12-02 00:08:19,450 INFO  [stdout] (ServerService Thread Pool -- 78)     
2025-12-02 00:08:19,450 INFO  [stdout] (ServerService Thread Pool -- 78)     drop table houses if exists
2025-12-02 00:08:19,451 INFO  [stdout] (ServerService Thread Pool -- 78) Hibernate: 
2025-12-02 00:08:19,451 INFO  [stdout] (ServerService Thread Pool -- 78)     
2025-12-02 00:08:19,451 INFO  [stdout] (ServerService Thread Pool -- 78)     create table coordinates (
2025-12-02 00:08:19,451 INFO  [stdout] (ServerService Thread Pool -- 78)        id bigint generated by default as identity,
2025-12-02 00:08:19,451 INFO  [stdout] (ServerService Thread Pool -- 78)         x bigint not null check (x>=-540),
2025-12-02 00:08:19,451 INFO  [stdout] (ServerService Thread Pool -- 78)         y bigint not null check (y<=568),
2025-12-02 00:08:19,451 INFO  [stdout] (ServerService Thread Pool -- 78)         primary key (id)
2025-12-02 00:08:19,451 INFO  [stdout] (ServerService Thread Pool -- 78)     )
2025-12-02 00:08:19,455 INFO  [stdout] (ServerService Thread Pool -- 78) Hibernate: 
2025-12-02 00:08:19,455 INFO  [stdout] (ServerService Thread Pool -- 78)     
2025-12-02 00:08:19,455 INFO  [stdout] (ServerService Thread Pool -- 78)     create table flats (
2025-12-02 00:08:19,455 INFO  [stdout] (ServerService Thread Pool -- 78)        id bigint generated by default as identity check (id>=1),
2025-12-02 00:08:19,455 INFO  [stdout] (ServerService Thread Pool -- 78)         area bigint not null check (area>=1),
2025-12-02 00:08:19,455 INFO  [stdout] (ServerService Thread Pool -- 78)         balcony boolean not null,
2025-12-02 00:08:19,455 INFO  [stdout] (ServerService Thread Pool -- 78)         creation_date timestamp not null,
2025-12-02 00:08:19,455 INFO  [stdout] (ServerService Thread Pool -- 78)         furnish varchar(255) not null,
2025-12-02 00:08:19,455 INFO  [stdout] (ServerService Thread Pool -- 78)         is_new boolean not null,
2025-12-02 00:08:19,455 INFO  [stdout] (ServerService Thread Pool -- 78)         name varchar(255) not null,
2025-12-02 00:08:19,456 INFO  [stdout] (ServerService Thread Pool -- 78)         number_of_rooms bigint check (number_of_rooms>=1),
2025-12-02 00:08:19,456 INFO  [stdout] (ServerService Thread Pool -- 78)         price integer not null check (price<=1202161207 AND price>=1),
2025-12-02 00:08:19,456 INFO  [stdout] (ServerService Thread Pool -- 78)         time_to_metro double not null check (time_to_metro>=1),
2025-12-02 00:08:19,456 INFO  [stdout] (ServerService Thread Pool -- 78)         view varchar(255) not null,
2025-12-02 00:08:19,456 INFO  [stdout] (ServerService Thread Pool -- 78)         coordinates_id bigint not null,
2025-12-02 00:08:19,456 INFO  [stdout] (ServerService Thread Pool -- 78)         house_id bigint not null,
2025-12-02 00:08:19,456 INFO  [stdout] (ServerService Thread Pool -- 78)         primary key (id)
2025-12-02 00:08:19,456 INFO  [stdout] (ServerService Thread Pool -- 78)     )
2025-12-02 00:08:19,457 INFO  [stdout] (ServerService Thread Pool -- 78) Hibernate: 
2025-12-02 00:08:19,457 INFO  [stdout] (ServerService Thread Pool -- 78)     
2025-12-02 00:08:19,457 INFO  [stdout] (ServerService Thread Pool -- 78)     create table houses (
2025-12-02 00:08:19,457 INFO  [stdout] (ServerService Thread Pool -- 78)        id bigint generated by default as identity,
2025-12-02 00:08:19,457 INFO  [stdout] (ServerService Thread Pool -- 78)         name varchar(255),
2025-12-02 00:08:19,457 INFO  [stdout] (ServerService Thread Pool -- 78)         number_of_flats_on_floor bigint not null check (number_of_flats_on_floor>=1),
2025-12-02 00:08:19,457 INFO  [stdout] (ServerService Thread Pool -- 78)         number_of_lifts integer not null check (number_of_lifts>=1),
2025-12-02 00:08:19,457 INFO  [stdout] (ServerService Thread Pool -- 78)         year bigint check (year<=497 AND year>=1),
2025-12-02 00:08:19,457 INFO  [stdout] (ServerService Thread Pool -- 78)         primary key (id)
2025-12-02 00:08:19,457 INFO  [stdout] (ServerService Thread Pool -- 78)     )
2025-12-02 00:08:19,458 INFO  [stdout] (ServerService Thread Pool -- 78) Hibernate: 
2025-12-02 00:08:19,458 INFO  [stdout] (ServerService Thread Pool -- 78)     
2025-12-02 00:08:19,458 INFO  [stdout] (ServerService Thread Pool -- 78)     alter table flats 
2025-12-02 00:08:19,458 INFO  [stdout] (ServerService Thread Pool -- 78)        add constraint FKle09udwu39dcjkwmfc3jy2c36 
2025-12-02 00:08:19,458 INFO  [stdout] (ServerService Thread Pool -- 78)        foreign key (coordinates_id) 
2025-12-02 00:08:19,458 INFO  [stdout] (ServerService Thread Pool -- 78)        references coordinates
2025-12-02 00:08:19,461 INFO  [stdout] (ServerService Thread Pool -- 78) Hibernate: 
2025-12-02 00:08:19,461 INFO  [stdout] (ServerService Thread Pool -- 78)     
2025-12-02 00:08:19,461 INFO  [stdout] (ServerService Thread Pool -- 78)     alter table flats 
2025-12-02 00:08:19,461 INFO  [stdout] (ServerService Thread Pool -- 78)        add constraint FKblelgkpyfct8dsr618wpa84dl 
2025-12-02 00:08:19,461 INFO  [stdout] (ServerService Thread Pool -- 78)        foreign key (house_id) 
2025-12-02 00:08:19,461 INFO  [stdout] (ServerService Thread Pool -- 78)        references houses
2025-12-02 00:08:19,462 INFO  [org.hibernate.tool.schema.internal.SchemaCreatorImpl] (ServerService Thread Pool -- 78) HHH000476: Executing import script 'org.hibernate.tool.schema.internal.exec.ScriptSourceInputNonExistentImpl@3ea3ba35'
2025-12-02 00:08:19,465 INFO  [org.hibernate.hql.internal.QueryTranslatorFactoryInitiator] (ServerService Thread Pool -- 78) HHH000397: Using ASTQueryTranslatorFactory
2025-12-02 00:08:19,543 WARN  [org.jboss.weld.Bootstrap] (MSC service thread 1-3) WELD-000146: BeforeBeanDiscovery.addAnnotatedType(AnnotatedType<?>) used for class com.sun.faces.flow.FlowDiscoveryCDIHelper is deprecated from CDI 1.1!
2025-12-02 00:08:19,798 INFO  [javax.enterprise.resource.webcontainer.jsf.config] (ServerService Thread Pool -- 90) Initializing Mojarra 2.3.14.SP04 for context '/flatmanager'
2025-12-02 00:08:20,356 INFO  [org.primefaces.webapp.PostConstructApplicationEventListener] (ServerService Thread Pool -- 90) Running on PrimeFaces 8.0
2025-12-02 00:08:20,369 INFO  [org.wildfly.extension.undertow] (ServerService Thread Pool -- 90) WFLYUT0021: Registered web context: '/flatmanager' for server 'default-server'
2025-12-02 00:08:20,399 INFO  [org.jboss.as.server] (ServerService Thread Pool -- 45) WFLYSRV0010: Deployed "flatmanager.war" (runtime-name : "flatmanager.war")
2025-12-02 00:08:20,400 INFO  [org.jboss.as.server] (ServerService Thread Pool -- 45) WFLYSRV0010: Deployed "pgJDBC 42.7.5.jar" (runtime-name : "pgJDBC 42.7.5.jar")
2025-12-02 00:08:20,487 INFO  [org.jboss.as.server] (Controller Boot Thread) WFLYSRV0212: Resuming server
2025-12-02 00:08:20,488 INFO  [org.jboss.as] (Controller Boot Thread) WFLYSRV0025: WildFly Full 25.0.1.Final (WildFly Core 17.0.3.Final) started in 5302ms - Started 928 of 1109 services (344 services are lazy, passive or on-demand)
2025-12-02 00:08:20,489 INFO  [org.jboss.as] (Controller Boot Thread) WFLYSRV0060: Http management interface listening on http://127.0.0.1:9990/management
2025-12-02 00:08:20,489 INFO  [org.jboss.as] (Controller Boot Thread) WFLYSRV0051: Admin console listening on http://127.0.0.1:9990
2025-12-02 00:08:28,230 FATAL [javax.enterprise.resource.webcontainer.jsf.context] (default task-2) JSF1073: javax.faces.view.facelets.FaceletException caught during processing of RESTORE_VIEW 1 : UIComponent-ClientId=, Message=Error Parsing /dashboard.xhtml: Error Traced[line: 764] The entity name must immediately follow the '&' in the entity reference.
2025-12-02 00:08:28,231 FATAL [javax.enterprise.resource.webcontainer.jsf.context] (default task-2) Error Parsing /dashboard.xhtml: Error Traced[line: 764] The entity name must immediately follow the '&' in the entity reference.: javax.faces.view.facelets.FaceletException: Error Parsing /dashboard.xhtml: Error Traced[line: 764] The entity name must immediately follow the '&' in the entity reference.
	at com.sun.jsf-impl@2.3.14.SP04//com.sun.faces.facelets.compiler.SAXCompiler.doCompile(SAXCompiler.java:445)
	at com.sun.jsf-impl@2.3.14.SP04//com.sun.faces.facelets.compiler.SAXCompiler.doMetadataCompile(SAXCompiler.java:428)
	at com.sun.jsf-impl@2.3.14.SP04//com.sun.faces.facelets.compiler.Compiler.metadataCompile(Compiler.java:88)
	at com.sun.jsf-impl@2.3.14.SP04//com.sun.faces.facelets.impl.DefaultFaceletFactory.createMetadataFacelet(DefaultFaceletFactory.java:465)
	at com.sun.jsf-impl@2.3.14.SP04//com.sun.faces.facelets.impl.DefaultFaceletFactory.access$200(DefaultFaceletFactory.java:67)
	at com.sun.jsf-impl@2.3.14.SP04//com.sun.faces.facelets.impl.DefaultFaceletFactory$2.newInstance(DefaultFaceletFactory.java:176)
	at com.sun.jsf-impl@2.3.14.SP04//com.sun.faces.facelets.impl.DefaultFaceletFactory$2.newInstance(DefaultFaceletFactory.java:173)
	at com.sun.jsf-impl@2.3.14.SP04//com.sun.faces.facelets.impl.DefaultFaceletCache$2.newInstance(DefaultFaceletCache.java:76)
	at com.sun.jsf-impl@2.3.14.SP04//com.sun.faces.facelets.impl.DefaultFaceletCache$2.newInstance(DefaultFaceletCache.java:69)
	at com.sun.jsf-impl@2.3.14.SP04//com.sun.faces.util.ExpiringConcurrentCache$1.call(ExpiringConcurrentCache.java:76)
	at java.base/java.util.concurrent.FutureTask.run(FutureTask.java:317)
	at com.sun.jsf-impl@2.3.14.SP04//com.sun.faces.util.ExpiringConcurrentCache.get(ExpiringConcurrentCache.java:91)
	at com.sun.jsf-impl@2.3.14.SP04//com.sun.faces.facelets.impl.DefaultFaceletCache.getViewMetadataFacelet(DefaultFaceletCache.java:124)
	at com.sun.jsf-impl@2.3.14.SP04//com.sun.faces.facelets.impl.DefaultFaceletCache.getViewMetadataFacelet(DefaultFaceletCache.java:39)
	at com.sun.jsf-impl@2.3.14.SP04//com.sun.faces.facelets.impl.DefaultFaceletFactory.getMetadataFacelet(DefaultFaceletFactory.java:278)
	at com.sun.jsf-impl@2.3.14.SP04//com.sun.faces.facelets.impl.DefaultFaceletFactory.getMetadataFacelet(DefaultFaceletFactory.java:208)
	at com.sun.jsf-impl@2.3.14.SP04//com.sun.faces.application.view.ViewMetadataImpl.createMetadataView(ViewMetadataImpl.java:122)
	at com.sun.jsf-impl@2.3.14.SP04//com.sun.faces.lifecycle.RestoreViewPhase.execute(RestoreViewPhase.java:224)
	at com.sun.jsf-impl@2.3.14.SP04//com.sun.faces.lifecycle.Phase.doPhase(Phase.java:76)
	at com.sun.jsf-impl@2.3.14.SP04//com.sun.faces.lifecycle.RestoreViewPhase.doPhase(RestoreViewPhase.java:110)
	at com.sun.jsf-impl@2.3.14.SP04//com.sun.faces.lifecycle.LifecycleImpl.execute(LifecycleImpl.java:177)
	at javax.faces.api@3.0.0.SP04//javax.faces.webapp.FacesServlet.executeLifecyle(FacesServlet.java:707)
	at javax.faces.api@3.0.0.SP04//javax.faces.webapp.FacesServlet.service(FacesServlet.java:451)
	at io.undertow.servlet@2.2.12.Final//io.undertow.servlet.handlers.ServletHandler.handleRequest(ServletHandler.java:74)
	at io.undertow.servlet@2.2.12.Final//io.undertow.servlet.handlers.FilterHandler$FilterChainImpl.doFilter(FilterHandler.java:129)
	at io.opentracing.contrib.opentracing-jaxrs2//io.opentracing.contrib.jaxrs2.server.SpanFinishingFilter.doFilter(SpanFinishingFilter.java:52)
	at io.undertow.servlet@2.2.12.Final//io.undertow.servlet.core.ManagedFilter.doFilter(ManagedFilter.java:61)
	at io.undertow.servlet@2.2.12.Final//io.undertow.servlet.handlers.FilterHandler$FilterChainImpl.doFilter(FilterHandler.java:131)
	at io.undertow.servlet@2.2.12.Final//io.undertow.servlet.handlers.FilterHandler.handleRequest(FilterHandler.java:84)
	at io.undertow.servlet@2.2.12.Final//io.undertow.servlet.handlers.security.ServletSecurityRoleHandler.handleRequest(ServletSecurityRoleHandler.java:62)
	at io.undertow.servlet@2.2.12.Final//io.undertow.servlet.handlers.ServletChain$1.handleRequest(ServletChain.java:68)
	at io.undertow.servlet@2.2.12.Final//io.undertow.servlet.handlers.ServletDispatchingHandler.handleRequest(ServletDispatchingHandler.java:36)
	at org.wildfly.security.elytron-web.undertow-server@1.10.0.Final//org.wildfly.elytron.web.undertow.server.ElytronRunAsHandler.lambda$handleRequest$1(ElytronRunAsHandler.java:68)
	at org.wildfly.security.elytron-base@1.17.1.Final//org.wildfly.security.auth.server.FlexibleIdentityAssociation.runAsFunctionEx(FlexibleIdentityAssociation.java:103)
	at org.wildfly.security.elytron-base@1.17.1.Final//org.wildfly.security.auth.server.Scoped.runAsFunctionEx(Scoped.java:161)
	at org.wildfly.security.elytron-base@1.17.1.Final//org.wildfly.security.auth.server.Scoped.runAs(Scoped.java:73)
	at org.wildfly.security.elytron-web.undertow-server@1.10.0.Final//org.wildfly.elytron.web.undertow.server.ElytronRunAsHandler.handleRequest(ElytronRunAsHandler.java:67)
	at io.undertow.servlet@2.2.12.Final//io.undertow.servlet.handlers.RedirectDirHandler.handleRequest(RedirectDirHandler.java:68)
	at io.undertow.servlet@2.2.12.Final//io.undertow.servlet.handlers.security.SSLInformationAssociationHandler.handleRequest(SSLInformationAssociationHandler.java:117)
	at io.undertow.servlet@2.2.12.Final//io.undertow.servlet.handlers.security.ServletAuthenticationCallHandler.handleRequest(ServletAuthenticationCallHandler.java:57)
	at io.undertow.core@2.2.12.Final//io.undertow.server.handlers.PredicateHandler.handleRequest(PredicateHandler.java:43)
	at io.undertow.core@2.2.12.Final//io.undertow.security.handlers.AbstractConfidentialityHandler.handleRequest(AbstractConfidentialityHandler.java:46)
	at io.undertow.servlet@2.2.12.Final//io.undertow.servlet.handlers.security.ServletConfidentialityConstraintHandler.handleRequest(ServletConfidentialityConstraintHandler.java:64)
	at io.undertow.core@2.2.12.Final//io.undertow.security.handlers.AbstractSecurityContextAssociationHandler.handleRequest(AbstractSecurityContextAssociationHandler.java:43)
	at org.wildfly.security.elytron-web.undertow-server-servlet@1.10.0.Final//org.wildfly.elytron.web.undertow.server.servlet.CleanUpHandler.handleRequest(CleanUpHandler.java:38)
	at io.undertow.core@2.2.12.Final//io.undertow.server.handlers.PredicateHandler.handleRequest(PredicateHandler.java:43)
	at org.wildfly.extension.undertow@25.0.1.Final//org.wildfly.extension.undertow.security.jacc.JACCContextIdHandler.handleRequest(JACCContextIdHandler.java:61)
	at io.undertow.core@2.2.12.Final//io.undertow.server.handlers.PredicateHandler.handleRequest(PredicateHandler.java:43)
	at org.wildfly.extension.undertow@25.0.1.Final//org.wildfly.extension.undertow.deployment.GlobalRequestControllerHandler.handleRequest(GlobalRequestControllerHandler.java:68)
	at io.undertow.servlet@2.2.12.Final//io.undertow.servlet.handlers.SendErrorPageHandler.handleRequest(SendErrorPageHandler.java:52)
	at io.undertow.core@2.2.12.Final//io.undertow.server.handlers.PredicateHandler.handleRequest(PredicateHandler.java:43)
	at io.undertow.servlet@2.2.12.Final//io.undertow.servlet.handlers.ServletInitialHandler.handleFirstRequest(ServletInitialHandler.java:280)
	at io.undertow.servlet@2.2.12.Final//io.undertow.servlet.handlers.ServletInitialHandler.access$100(ServletInitialHandler.java:79)
	at io.undertow.servlet@2.2.12.Final//io.undertow.servlet.handlers.ServletInitialHandler$2.call(ServletInitialHandler.java:134)
	at io.undertow.servlet@2.2.12.Final//io.undertow.servlet.handlers.ServletInitialHandler$2.call(ServletInitialHandler.java:131)
	at io.undertow.servlet@2.2.12.Final//io.undertow.servlet.core.ServletRequestContextThreadSetupAction$1.call(ServletRequestContextThreadSetupAction.java:48)
	at io.undertow.servlet@2.2.12.Final//io.undertow.servlet.core.ContextClassLoaderSetupAction$1.call(ContextClassLoaderSetupAction.java:43)
	at org.wildfly.extension.undertow@25.0.1.Final//org.wildfly.extension.undertow.deployment.UndertowDeploymentInfoService$UndertowThreadSetupAction.lambda$create$0(UndertowDeploymentInfoService.java:1544)
	at org.wildfly.extension.undertow@25.0.1.Final//org.wildfly.extension.undertow.deployment.UndertowDeploymentInfoService$UndertowThreadSetupAction.lambda$create$0(UndertowDeploymentInfoService.java:1544)
	at org.wildfly.extension.undertow@25.0.1.Final//org.wildfly.extension.undertow.deployment.UndertowDeploymentInfoService$UndertowThreadSetupAction.lambda$create$0(UndertowDeploymentInfoService.java:1544)
	at org.wildfly.extension.undertow@25.0.1.Final//org.wildfly.extension.undertow.deployment.UndertowDeploymentInfoService$UndertowThreadSetupAction.lambda$create$0(UndertowDeploymentInfoService.java:1544)
	at org.wildfly.extension.undertow@25.0.1.Final//org.wildfly.extension.undertow.deployment.UndertowDeploymentInfoService$UndertowThreadSetupAction.lambda$create$0(UndertowDeploymentInfoService.java:1544)
	at io.undertow.servlet@2.2.12.Final//io.undertow.servlet.handlers.ServletInitialHandler.dispatchRequest(ServletInitialHandler.java:260)
	at io.undertow.servlet@2.2.12.Final//io.undertow.servlet.handlers.ServletInitialHandler.access$000(ServletInitialHandler.java:79)
	at io.undertow.servlet@2.2.12.Final//io.undertow.servlet.handlers.ServletInitialHandler$1.handleRequest(ServletInitialHandler.java:100)
	at io.undertow.core@2.2.12.Final//io.undertow.server.Connectors.executeRootHandler(Connectors.java:387)
	at io.undertow.core@2.2.12.Final//io.undertow.server.HttpServerExchange$1.run(HttpServerExchange.java:852)
	at org.jboss.threads@2.4.0.Final//org.jboss.threads.ContextClassLoaderSavingRunnable.run(ContextClassLoaderSavingRunnable.java:35)
	at org.jboss.threads@2.4.0.Final//org.jboss.threads.EnhancedQueueExecutor.safeRun(EnhancedQueueExecutor.java:1990)
	at org.jboss.threads@2.4.0.Final//org.jboss.threads.EnhancedQueueExecutor$ThreadBody.doRunTask(EnhancedQueueExecutor.java:1486)
	at org.jboss.threads@2.4.0.Final//org.jboss.threads.EnhancedQueueExecutor$ThreadBody.run(EnhancedQueueExecutor.java:1377)
	at org.jboss.xnio@3.8.4.Final//org.xnio.XnioWorker$WorkerThreadFactory$1$1.run(XnioWorker.java:1280)
	at java.base/java.lang.Thread.run(Thread.java:1570)

2025-12-02 00:08:30,547 INFO  [org.jboss.as.repository] (DeploymentScanner-threads - 1) WFLYDR0001: Content added at location /Users/nokia208dualsim/IdeaProjects/is-lab1/wildfly-25.0.1.Final/standalone/data/content/6d/15970e4c515ee518459aad60116774737c1f47/content
2025-12-02 00:08:30,551 INFO  [org.jboss.as.server.deployment] (MSC service thread 1-5) WFLYSRV0027: Starting deployment of "vehiclemanager.war" (runtime-name: "vehiclemanager.war")
2025-12-02 00:08:32,380 WARN  [org.jboss.as.ee] (MSC service thread 1-2) WFLYEE0007: Not installing optional component org.springframework.http.server.reactive.ServletServerHttpRequest$RequestAsyncListener due to an exception (enable DEBUG log level to see the cause)
2025-12-02 00:08:32,381 WARN  [org.jboss.as.ee] (MSC service thread 1-2) WFLYEE0007: Not installing optional component org.springframework.http.server.ServletServerHttpAsyncRequestControl due to an exception (enable DEBUG log level to see the cause)
2025-12-02 00:08:32,381 WARN  [org.jboss.as.ee] (MSC service thread 1-2) WFLYEE0007: Not installing optional component org.springframework.web.context.request.async.StandardServletAsyncWebRequest due to an exception (enable DEBUG log level to see the cause)
2025-12-02 00:08:32,381 WARN  [org.jboss.as.ee] (MSC service thread 1-2) WFLYEE0007: Not installing optional component org.springframework.http.server.reactive.ServletHttpHandlerAdapter$HttpHandlerAsyncListener due to an exception (enable DEBUG log level to see the cause)
2025-12-02 00:08:32,384 WARN  [org.jboss.as.ee] (MSC service thread 1-2) WFLYEE0007: Not installing optional component org.springframework.http.server.reactive.ServletServerHttpResponse$ResponseAsyncListener due to an exception (enable DEBUG log level to see the cause)
2025-12-02 00:08:32,396 INFO  [org.jboss.as.connector.deployers.jdbc] (MSC service thread 1-2) WFLYJCA0005: Deploying non-JDBC-compliant driver class org.postgresql.Driver (version 42.7)
2025-12-02 00:08:32,396 WARN  [org.jboss.weld.deployer] (MSC service thread 1-2) WFLYWELD0013: Deployment vehiclemanager.war contains Jakarta Contexts and Dependency Injection annotations but no bean archive was found (no beans.xml or class with bean defining annotations was present).
2025-12-02 00:08:32,405 INFO  [org.jboss.as.connector.deployers.jdbc] (MSC service thread 1-7) WFLYJCA0018: Started Driver service with driver-name = vehiclemanager.war_org.postgresql.Driver_42_7
2025-12-02 00:08:32,405 WARN  [org.jboss.as.server.deployment] (MSC service thread 1-3) WFLYSRV0274: Excluded dependency org.jboss.as.jsf via jboss-deployment-structure.xml does not exist.
2025-12-02 00:08:32,406 WARN  [org.jboss.as.server.deployment] (MSC service thread 1-3) WFLYSRV0274: Excluded dependency javax.faces.api via jboss-deployment-structure.xml does not exist.
2025-12-02 00:08:32,406 WARN  [org.jboss.as.server.deployment] (MSC service thread 1-3) WFLYSRV0274: Excluded dependency com.sun.jsf-impl via jboss-deployment-structure.xml does not exist.
2025-12-02 00:08:32,418 INFO  [io.undertow.servlet] (ServerService Thread Pool -- 90) 1 Spring WebApplicationInitializers detected on classpath
2025-12-02 00:08:32,431 INFO  [io.undertow.servlet] (ServerService Thread Pool -- 90) Initializing Spring root WebApplicationContext
2025-12-02 00:08:32,431 INFO  [org.springframework.web.context.ContextLoader] (ServerService Thread Pool -- 90) Root WebApplicationContext: initialization started
2025-12-02 00:08:32,582 INFO  [org.hibernate.jpa.internal.util.LogHelper] (ServerService Thread Pool -- 90) HHH000204: Processing PersistenceUnitInfo [name: default]
2025-12-02 00:08:32,598 INFO  [org.hibernate.Version] (ServerService Thread Pool -- 90) HHH000412: Hibernate ORM core version 5.6.15.Final
2025-12-02 00:08:32,651 INFO  [org.hibernate.annotations.common.Version] (ServerService Thread Pool -- 90) HCANN000001: Hibernate Commons Annotations {5.1.2.Final}
2025-12-02 00:08:36,368 INFO  [org.hibernate.dialect.Dialect] (ServerService Thread Pool -- 90) HHH000400: Using dialect: org.hibernate.dialect.PostgreSQLDialect
2025-12-02 00:08:36,391 INFO  [org.hibernate.orm.beans] (ServerService Thread Pool -- 90) HHH10005002: No explicit CDI BeanManager reference was passed to Hibernate, but CDI is available on the Hibernate ClassLoader.
2025-12-02 00:08:36,703 INFO  [stdout] (ServerService Thread Pool -- 90) Hibernate: 
2025-12-02 00:08:36,703 INFO  [stdout] (ServerService Thread Pool -- 90)     
2025-12-02 00:08:36,703 INFO  [stdout] (ServerService Thread Pool -- 90)     alter table flats 
2025-12-02 00:08:36,703 INFO  [stdout] (ServerService Thread Pool -- 90)        add column time_to_metro float8 not null check(time_to_metro>=1)
2025-12-02 00:08:36,710 WARN  [org.hibernate.tool.schema.internal.ExceptionHandlerLoggedImpl] (ServerService Thread Pool -- 90) GenerationTarget encountered exception accepting command : Error executing DDL "
    alter table flats 
       add column time_to_metro float8 not null check(time_to_metro>=1)" via JDBC Statement: org.hibernate.tool.schema.spi.CommandAcceptanceException: Error executing DDL "
    alter table flats 
       add column time_to_metro float8 not null check(time_to_metro>=1)" via JDBC Statement
	at deployment.vehiclemanager.war//org.hibernate.tool.schema.internal.exec.GenerationTargetToDatabase.accept(GenerationTargetToDatabase.java:67)
	at deployment.vehiclemanager.war//org.hibernate.tool.schema.internal.AbstractSchemaMigrator.applySqlString(AbstractSchemaMigrator.java:581)
	at deployment.vehiclemanager.war//org.hibernate.tool.schema.internal.AbstractSchemaMigrator.applySqlStrings(AbstractSchemaMigrator.java:602)
	at deployment.vehiclemanager.war//org.hibernate.tool.schema.internal.AbstractSchemaMigrator.migrateTable(AbstractSchemaMigrator.java:314)
	at deployment.vehiclemanager.war//org.hibernate.tool.schema.internal.GroupedSchemaMigratorImpl.performTablesMigration(GroupedSchemaMigratorImpl.java:78)
	at deployment.vehiclemanager.war//org.hibernate.tool.schema.internal.AbstractSchemaMigrator.performMigration(AbstractSchemaMigrator.java:220)
	at deployment.vehiclemanager.war//org.hibernate.tool.schema.internal.AbstractSchemaMigrator.doMigration(AbstractSchemaMigrator.java:123)
	at deployment.vehiclemanager.war//org.hibernate.tool.schema.spi.SchemaManagementToolCoordinator.performDatabaseAction(SchemaManagementToolCoordinator.java:196)
	at deployment.vehiclemanager.war//org.hibernate.tool.schema.spi.SchemaManagementToolCoordinator.process(SchemaManagementToolCoordinator.java:85)
	at deployment.vehiclemanager.war//org.hibernate.internal.SessionFactoryImpl.<init>(SessionFactoryImpl.java:335)
	at deployment.vehiclemanager.war//org.hibernate.boot.internal.SessionFactoryBuilderImpl.build(SessionFactoryBuilderImpl.java:471)
	at deployment.vehiclemanager.war//org.hibernate.jpa.boot.internal.EntityManagerFactoryBuilderImpl.build(EntityManagerFactoryBuilderImpl.java:1498)
	at deployment.vehiclemanager.war//org.springframework.orm.jpa.vendor.SpringHibernateJpaPersistenceProvider.createContainerEntityManagerFactory(SpringHibernateJpaPersistenceProvider.java:58)
	at deployment.vehiclemanager.war//org.springframework.orm.jpa.LocalContainerEntityManagerFactoryBean.createNativeEntityManagerFactory(LocalContainerEntityManagerFactoryBean.java:365)
	at deployment.vehiclemanager.war//org.springframework.orm.jpa.AbstractEntityManagerFactoryBean.buildNativeEntityManagerFactory(AbstractEntityManagerFactoryBean.java:409)
	at deployment.vehiclemanager.war//org.springframework.orm.jpa.AbstractEntityManagerFactoryBean.afterPropertiesSet(AbstractEntityManagerFactoryBean.java:396)
	at deployment.vehiclemanager.war//org.springframework.orm.jpa.LocalContainerEntityManagerFactoryBean.afterPropertiesSet(LocalContainerEntityManagerFactoryBean.java:341)
	at deployment.vehiclemanager.war//org.springframework.beans.factory.support.AbstractAutowireCapableBeanFactory.invokeInitMethods(AbstractAutowireCapableBeanFactory.java:1863)
	at deployment.vehiclemanager.war//org.springframework.beans.factory.support.AbstractAutowireCapableBeanFactory.initializeBean(AbstractAutowireCapableBeanFactory.java:1800)
	at deployment.vehiclemanager.war//org.springframework.beans.factory.support.AbstractAutowireCapableBeanFactory.doCreateBean(AbstractAutowireCapableBeanFactory.java:620)
	at deployment.vehiclemanager.war//org.springframework.beans.factory.support.AbstractAutowireCapableBeanFactory.createBean(AbstractAutowireCapableBeanFactory.java:542)
	at deployment.vehiclemanager.war//org.springframework.beans.factory.support.AbstractBeanFactory.lambda$doGetBean$0(AbstractBeanFactory.java:335)
	at deployment.vehiclemanager.war//org.springframework.beans.factory.support.DefaultSingletonBeanRegistry.getSingleton(DefaultSingletonBeanRegistry.java:234)
	at deployment.vehiclemanager.war//org.springframework.beans.factory.support.AbstractBeanFactory.doGetBean(AbstractBeanFactory.java:333)
	at deployment.vehiclemanager.war//org.springframework.beans.factory.support.AbstractBeanFactory.getBean(AbstractBeanFactory.java:208)
	at deployment.vehiclemanager.war//org.springframework.context.support.AbstractApplicationContext.getBean(AbstractApplicationContext.java:1154)
	at deployment.vehiclemanager.war//org.springframework.context.support.AbstractApplicationContext.finishBeanFactoryInitialization(AbstractApplicationContext.java:908)
	at deployment.vehiclemanager.war//org.springframework.context.support.AbstractApplicationContext.refresh(AbstractApplicationContext.java:583)
	at deployment.vehiclemanager.war//org.springframework.web.context.ContextLoader.configureAndRefreshWebApplicationContext(ContextLoader.java:401)
	at deployment.vehiclemanager.war//org.springframework.web.context.ContextLoader.initWebApplicationContext(ContextLoader.java:292)
	at deployment.vehiclemanager.war//org.springframework.web.context.ContextLoaderListener.contextInitialized(ContextLoaderListener.java:103)
	at io.undertow.servlet@2.2.12.Final//io.undertow.servlet.core.ApplicationListeners.contextInitialized(ApplicationListeners.java:187)
	at io.undertow.servlet@2.2.12.Final//io.undertow.servlet.core.DeploymentManagerImpl$1.call(DeploymentManagerImpl.java:219)
	at io.undertow.servlet@2.2.12.Final//io.undertow.servlet.core.DeploymentManagerImpl$1.call(DeploymentManagerImpl.java:187)
	at io.undertow.servlet@2.2.12.Final//io.undertow.servlet.core.ServletRequestContextThreadSetupAction$1.call(ServletRequestContextThreadSetupAction.java:42)
	at io.undertow.servlet@2.2.12.Final//io.undertow.servlet.core.ContextClassLoaderSetupAction$1.call(ContextClassLoaderSetupAction.java:43)
	at org.wildfly.extension.undertow@25.0.1.Final//org.wildfly.extension.undertow.deployment.UndertowDeploymentInfoService$UndertowThreadSetupAction.lambda$create$0(UndertowDeploymentInfoService.java:1544)
	at org.wildfly.extension.undertow@25.0.1.Final//org.wildfly.extension.undertow.deployment.UndertowDeploymentInfoService$UndertowThreadSetupAction.lambda$create$0(UndertowDeploymentInfoService.java:1544)
	at org.wildfly.extension.undertow@25.0.1.Final//org.wildfly.extension.undertow.deployment.UndertowDeploymentInfoService$UndertowThreadSetupAction.lambda$create$0(UndertowDeploymentInfoService.java:1544)
	at org.wildfly.extension.undertow@25.0.1.Final//org.wildfly.extension.undertow.deployment.UndertowDeploymentInfoService$UndertowThreadSetupAction.lambda$create$0(UndertowDeploymentInfoService.java:1544)
	at org.wildfly.extension.undertow@25.0.1.Final//org.wildfly.extension.undertow.deployment.UndertowDeploymentInfoService$UndertowThreadSetupAction.lambda$create$0(UndertowDeploymentInfoService.java:1544)
	at io.undertow.servlet@2.2.12.Final//io.undertow.servlet.core.DeploymentManagerImpl.deploy(DeploymentManagerImpl.java:255)
	at org.wildfly.extension.undertow@25.0.1.Final//org.wildfly.extension.undertow.deployment.UndertowDeploymentService.startContext(UndertowDeploymentService.java:105)
	at org.wildfly.extension.undertow@25.0.1.Final//org.wildfly.extension.undertow.deployment.UndertowDeploymentService$1.run(UndertowDeploymentService.java:87)
	at java.base/java.util.concurrent.Executors$RunnableAdapter.call(Executors.java:572)
	at java.base/java.util.concurrent.FutureTask.run(FutureTask.java:317)
	at org.jboss.threads@2.4.0.Final//org.jboss.threads.ContextClassLoaderSavingRunnable.run(ContextClassLoaderSavingRunnable.java:35)
	at org.jboss.threads@2.4.0.Final//org.jboss.threads.EnhancedQueueExecutor.safeRun(EnhancedQueueExecutor.java:1990)
	at org.jboss.threads@2.4.0.Final//org.jboss.threads.EnhancedQueueExecutor$ThreadBody.doRunTask(EnhancedQueueExecutor.java:1486)
	at org.jboss.threads@2.4.0.Final//org.jboss.threads.EnhancedQueueExecutor$ThreadBody.run(EnhancedQueueExecutor.java:1377)
	at java.base/java.lang.Thread.run(Thread.java:1570)
	at org.jboss.threads@2.4.0.Final//org.jboss.threads.JBossThread.run(JBossThread.java:513)
Caused by: org.postgresql.util.PSQLException: ERROR: column "time_to_metro" of relation "flats" contains null values
	at deployment.vehiclemanager.war//org.postgresql.core.v3.QueryExecutorImpl.receiveErrorResponse(QueryExecutorImpl.java:2734)
	at deployment.vehiclemanager.war//org.postgresql.core.v3.QueryExecutorImpl.processResults(QueryExecutorImpl.java:2421)
	at deployment.vehiclemanager.war//org.postgresql.core.v3.QueryExecutorImpl.execute(QueryExecutorImpl.java:372)
	at deployment.vehiclemanager.war//org.postgresql.jdbc.PgStatement.executeInternal(PgStatement.java:518)
	at deployment.vehiclemanager.war//org.postgresql.jdbc.PgStatement.execute(PgStatement.java:435)
	at deployment.vehiclemanager.war//org.postgresql.jdbc.PgStatement.executeWithFlags(PgStatement.java:357)
	at deployment.vehiclemanager.war//org.postgresql.jdbc.PgStatement.executeCachedSql(PgStatement.java:342)
	at deployment.vehiclemanager.war//org.postgresql.jdbc.PgStatement.executeWithFlags(PgStatement.java:318)
	at deployment.vehiclemanager.war//org.postgresql.jdbc.PgStatement.execute(PgStatement.java:313)
	at deployment.vehiclemanager.war//org.hibernate.tool.schema.internal.exec.GenerationTargetToDatabase.accept(GenerationTargetToDatabase.java:54)
	... 51 more

2025-12-02 00:08:36,711 INFO  [stdout] (ServerService Thread Pool -- 90) Hibernate: 
2025-12-02 00:08:36,711 INFO  [stdout] (ServerService Thread Pool -- 90)     
2025-12-02 00:08:36,711 INFO  [stdout] (ServerService Thread Pool -- 90)     alter table houses 
2025-12-02 00:08:36,711 INFO  [stdout] (ServerService Thread Pool -- 90)        add column number_of_flats_on_floor int8 not null check(number_of_flats_on_floor>=1)
2025-12-02 00:08:36,712 WARN  [org.hibernate.tool.schema.internal.ExceptionHandlerLoggedImpl] (ServerService Thread Pool -- 90) GenerationTarget encountered exception accepting command : Error executing DDL "
    alter table houses 
       add column number_of_flats_on_floor int8 not null check(number_of_flats_on_floor>=1)" via JDBC Statement: org.hibernate.tool.schema.spi.CommandAcceptanceException: Error executing DDL "
    alter table houses 
       add column number_of_flats_on_floor int8 not null check(number_of_flats_on_floor>=1)" via JDBC Statement
	at deployment.vehiclemanager.war//org.hibernate.tool.schema.internal.exec.GenerationTargetToDatabase.accept(GenerationTargetToDatabase.java:67)
	at deployment.vehiclemanager.war//org.hibernate.tool.schema.internal.AbstractSchemaMigrator.applySqlString(AbstractSchemaMigrator.java:581)
	at deployment.vehiclemanager.war//org.hibernate.tool.schema.internal.AbstractSchemaMigrator.applySqlStrings(AbstractSchemaMigrator.java:602)
	at deployment.vehiclemanager.war//org.hibernate.tool.schema.internal.AbstractSchemaMigrator.migrateTable(AbstractSchemaMigrator.java:314)
	at deployment.vehiclemanager.war//org.hibernate.tool.schema.internal.GroupedSchemaMigratorImpl.performTablesMigration(GroupedSchemaMigratorImpl.java:78)
	at deployment.vehiclemanager.war//org.hibernate.tool.schema.internal.AbstractSchemaMigrator.performMigration(AbstractSchemaMigrator.java:220)
	at deployment.vehiclemanager.war//org.hibernate.tool.schema.internal.AbstractSchemaMigrator.doMigration(AbstractSchemaMigrator.java:123)
	at deployment.vehiclemanager.war//org.hibernate.tool.schema.spi.SchemaManagementToolCoordinator.performDatabaseAction(SchemaManagementToolCoordinator.java:196)
	at deployment.vehiclemanager.war//org.hibernate.tool.schema.spi.SchemaManagementToolCoordinator.process(SchemaManagementToolCoordinator.java:85)
	at deployment.vehiclemanager.war//org.hibernate.internal.SessionFactoryImpl.<init>(SessionFactoryImpl.java:335)
	at deployment.vehiclemanager.war//org.hibernate.boot.internal.SessionFactoryBuilderImpl.build(SessionFactoryBuilderImpl.java:471)
	at deployment.vehiclemanager.war//org.hibernate.jpa.boot.internal.EntityManagerFactoryBuilderImpl.build(EntityManagerFactoryBuilderImpl.java:1498)
	at deployment.vehiclemanager.war//org.springframework.orm.jpa.vendor.SpringHibernateJpaPersistenceProvider.createContainerEntityManagerFactory(SpringHibernateJpaPersistenceProvider.java:58)
	at deployment.vehiclemanager.war//org.springframework.orm.jpa.LocalContainerEntityManagerFactoryBean.createNativeEntityManagerFactory(LocalContainerEntityManagerFactoryBean.java:365)
	at deployment.vehiclemanager.war//org.springframework.orm.jpa.AbstractEntityManagerFactoryBean.buildNativeEntityManagerFactory(AbstractEntityManagerFactoryBean.java:409)
	at deployment.vehiclemanager.war//org.springframework.orm.jpa.AbstractEntityManagerFactoryBean.afterPropertiesSet(AbstractEntityManagerFactoryBean.java:396)
	at deployment.vehiclemanager.war//org.springframework.orm.jpa.LocalContainerEntityManagerFactoryBean.afterPropertiesSet(LocalContainerEntityManagerFactoryBean.java:341)
	at deployment.vehiclemanager.war//org.springframework.beans.factory.support.AbstractAutowireCapableBeanFactory.invokeInitMethods(AbstractAutowireCapableBeanFactory.java:1863)
	at deployment.vehiclemanager.war//org.springframework.beans.factory.support.AbstractAutowireCapableBeanFactory.initializeBean(AbstractAutowireCapableBeanFactory.java:1800)
	at deployment.vehiclemanager.war//org.springframework.beans.factory.support.AbstractAutowireCapableBeanFactory.doCreateBean(AbstractAutowireCapableBeanFactory.java:620)
	at deployment.vehiclemanager.war//org.springframework.beans.factory.support.AbstractAutowireCapableBeanFactory.createBean(AbstractAutowireCapableBeanFactory.java:542)
	at deployment.vehiclemanager.war//org.springframework.beans.factory.support.AbstractBeanFactory.lambda$doGetBean$0(AbstractBeanFactory.java:335)
	at deployment.vehiclemanager.war//org.springframework.beans.factory.support.DefaultSingletonBeanRegistry.getSingleton(DefaultSingletonBeanRegistry.java:234)
	at deployment.vehiclemanager.war//org.springframework.beans.factory.support.AbstractBeanFactory.doGetBean(AbstractBeanFactory.java:333)
	at deployment.vehiclemanager.war//org.springframework.beans.factory.support.AbstractBeanFactory.getBean(AbstractBeanFactory.java:208)
	at deployment.vehiclemanager.war//org.springframework.context.support.AbstractApplicationContext.getBean(AbstractApplicationContext.java:1154)
	at deployment.vehiclemanager.war//org.springframework.context.support.AbstractApplicationContext.finishBeanFactoryInitialization(AbstractApplicationContext.java:908)
	at deployment.vehiclemanager.war//org.springframework.context.support.AbstractApplicationContext.refresh(AbstractApplicationContext.java:583)
	at deployment.vehiclemanager.war//org.springframework.web.context.ContextLoader.configureAndRefreshWebApplicationContext(ContextLoader.java:401)
	at deployment.vehiclemanager.war//org.springframework.web.context.ContextLoader.initWebApplicationContext(ContextLoader.java:292)
	at deployment.vehiclemanager.war//org.springframework.web.context.ContextLoaderListener.contextInitialized(ContextLoaderListener.java:103)
	at io.undertow.servlet@2.2.12.Final//io.undertow.servlet.core.ApplicationListeners.contextInitialized(ApplicationListeners.java:187)
	at io.undertow.servlet@2.2.12.Final//io.undertow.servlet.core.DeploymentManagerImpl$1.call(DeploymentManagerImpl.java:219)
	at io.undertow.servlet@2.2.12.Final//io.undertow.servlet.core.DeploymentManagerImpl$1.call(DeploymentManagerImpl.java:187)
	at io.undertow.servlet@2.2.12.Final//io.undertow.servlet.core.ServletRequestContextThreadSetupAction$1.call(ServletRequestContextThreadSetupAction.java:42)
	at io.undertow.servlet@2.2.12.Final//io.undertow.servlet.core.ContextClassLoaderSetupAction$1.call(ContextClassLoaderSetupAction.java:43)
	at org.wildfly.extension.undertow@25.0.1.Final//org.wildfly.extension.undertow.deployment.UndertowDeploymentInfoService$UndertowThreadSetupAction.lambda$create$0(UndertowDeploymentInfoService.java:1544)
	at org.wildfly.extension.undertow@25.0.1.Final//org.wildfly.extension.undertow.deployment.UndertowDeploymentInfoService$UndertowThreadSetupAction.lambda$create$0(UndertowDeploymentInfoService.java:1544)
	at org.wildfly.extension.undertow@25.0.1.Final//org.wildfly.extension.undertow.deployment.UndertowDeploymentInfoService$UndertowThreadSetupAction.lambda$create$0(UndertowDeploymentInfoService.java:1544)
	at org.wildfly.extension.undertow@25.0.1.Final//org.wildfly.extension.undertow.deployment.UndertowDeploymentInfoService$UndertowThreadSetupAction.lambda$create$0(UndertowDeploymentInfoService.java:1544)
	at org.wildfly.extension.undertow@25.0.1.Final//org.wildfly.extension.undertow.deployment.UndertowDeploymentInfoService$UndertowThreadSetupAction.lambda$create$0(UndertowDeploymentInfoService.java:1544)
	at io.undertow.servlet@2.2.12.Final//io.undertow.servlet.core.DeploymentManagerImpl.deploy(DeploymentManagerImpl.java:255)
	at org.wildfly.extension.undertow@25.0.1.Final//org.wildfly.extension.undertow.deployment.UndertowDeploymentService.startContext(UndertowDeploymentService.java:105)
	at org.wildfly.extension.undertow@25.0.1.Final//org.wildfly.extension.undertow.deployment.UndertowDeploymentService$1.run(UndertowDeploymentService.java:87)
	at java.base/java.util.concurrent.Executors$RunnableAdapter.call(Executors.java:572)
	at java.base/java.util.concurrent.FutureTask.run(FutureTask.java:317)
	at org.jboss.threads@2.4.0.Final//org.jboss.threads.ContextClassLoaderSavingRunnable.run(ContextClassLoaderSavingRunnable.java:35)
	at org.jboss.threads@2.4.0.Final//org.jboss.threads.EnhancedQueueExecutor.safeRun(EnhancedQueueExecutor.java:1990)
	at org.jboss.threads@2.4.0.Final//org.jboss.threads.EnhancedQueueExecutor$ThreadBody.doRunTask(EnhancedQueueExecutor.java:1486)
	at org.jboss.threads@2.4.0.Final//org.jboss.threads.EnhancedQueueExecutor$ThreadBody.run(EnhancedQueueExecutor.java:1377)
	at java.base/java.lang.Thread.run(Thread.java:1570)
	at org.jboss.threads@2.4.0.Final//org.jboss.threads.JBossThread.run(JBossThread.java:513)
Caused by: org.postgresql.util.PSQLException: ERROR: column "number_of_flats_on_floor" of relation "houses" contains null values
	at deployment.vehiclemanager.war//org.postgresql.core.v3.QueryExecutorImpl.receiveErrorResponse(QueryExecutorImpl.java:2734)
	at deployment.vehiclemanager.war//org.postgresql.core.v3.QueryExecutorImpl.processResults(QueryExecutorImpl.java:2421)
	at deployment.vehiclemanager.war//org.postgresql.core.v3.QueryExecutorImpl.execute(QueryExecutorImpl.java:372)
	at deployment.vehiclemanager.war//org.postgresql.jdbc.PgStatement.executeInternal(PgStatement.java:518)
	at deployment.vehiclemanager.war//org.postgresql.jdbc.PgStatement.execute(PgStatement.java:435)
	at deployment.vehiclemanager.war//org.postgresql.jdbc.PgStatement.executeWithFlags(PgStatement.java:357)
	at deployment.vehiclemanager.war//org.postgresql.jdbc.PgStatement.executeCachedSql(PgStatement.java:342)
	at deployment.vehiclemanager.war//org.postgresql.jdbc.PgStatement.executeWithFlags(PgStatement.java:318)
	at deployment.vehiclemanager.war//org.postgresql.jdbc.PgStatement.execute(PgStatement.java:313)
	at deployment.vehiclemanager.war//org.hibernate.tool.schema.internal.exec.GenerationTargetToDatabase.accept(GenerationTargetToDatabase.java:54)
	... 51 more

2025-12-02 00:08:36,712 INFO  [stdout] (ServerService Thread Pool -- 90) Hibernate: 
2025-12-02 00:08:36,712 INFO  [stdout] (ServerService Thread Pool -- 90)     
2025-12-02 00:08:36,712 INFO  [stdout] (ServerService Thread Pool -- 90)     alter table houses 
2025-12-02 00:08:36,712 INFO  [stdout] (ServerService Thread Pool -- 90)        add column number_of_lifts int4 not null check(number_of_lifts>=1)
2025-12-02 00:08:36,713 WARN  [org.hibernate.tool.schema.internal.ExceptionHandlerLoggedImpl] (ServerService Thread Pool -- 90) GenerationTarget encountered exception accepting command : Error executing DDL "
    alter table houses 
       add column number_of_lifts int4 not null check(number_of_lifts>=1)" via JDBC Statement: org.hibernate.tool.schema.spi.CommandAcceptanceException: Error executing DDL "
    alter table houses 
       add column number_of_lifts int4 not null check(number_of_lifts>=1)" via JDBC Statement
	at deployment.vehiclemanager.war//org.hibernate.tool.schema.internal.exec.GenerationTargetToDatabase.accept(GenerationTargetToDatabase.java:67)
	at deployment.vehiclemanager.war//org.hibernate.tool.schema.internal.AbstractSchemaMigrator.applySqlString(AbstractSchemaMigrator.java:581)
	at deployment.vehiclemanager.war//org.hibernate.tool.schema.internal.AbstractSchemaMigrator.applySqlStrings(AbstractSchemaMigrator.java:602)
	at deployment.vehiclemanager.war//org.hibernate.tool.schema.internal.AbstractSchemaMigrator.migrateTable(AbstractSchemaMigrator.java:314)
	at deployment.vehiclemanager.war//org.hibernate.tool.schema.internal.GroupedSchemaMigratorImpl.performTablesMigration(GroupedSchemaMigratorImpl.java:78)
	at deployment.vehiclemanager.war//org.hibernate.tool.schema.internal.AbstractSchemaMigrator.performMigration(AbstractSchemaMigrator.java:220)
	at deployment.vehiclemanager.war//org.hibernate.tool.schema.internal.AbstractSchemaMigrator.doMigration(AbstractSchemaMigrator.java:123)
	at deployment.vehiclemanager.war//org.hibernate.tool.schema.spi.SchemaManagementToolCoordinator.performDatabaseAction(SchemaManagementToolCoordinator.java:196)
	at deployment.vehiclemanager.war//org.hibernate.tool.schema.spi.SchemaManagementToolCoordinator.process(SchemaManagementToolCoordinator.java:85)
	at deployment.vehiclemanager.war//org.hibernate.internal.SessionFactoryImpl.<init>(SessionFactoryImpl.java:335)
	at deployment.vehiclemanager.war//org.hibernate.boot.internal.SessionFactoryBuilderImpl.build(SessionFactoryBuilderImpl.java:471)
	at deployment.vehiclemanager.war//org.hibernate.jpa.boot.internal.EntityManagerFactoryBuilderImpl.build(EntityManagerFactoryBuilderImpl.java:1498)
	at deployment.vehiclemanager.war//org.springframework.orm.jpa.vendor.SpringHibernateJpaPersistenceProvider.createContainerEntityManagerFactory(SpringHibernateJpaPersistenceProvider.java:58)
	at deployment.vehiclemanager.war//org.springframework.orm.jpa.LocalContainerEntityManagerFactoryBean.createNativeEntityManagerFactory(LocalContainerEntityManagerFactoryBean.java:365)
	at deployment.vehiclemanager.war//org.springframework.orm.jpa.AbstractEntityManagerFactoryBean.buildNativeEntityManagerFactory(AbstractEntityManagerFactoryBean.java:409)
	at deployment.vehiclemanager.war//org.springframework.orm.jpa.AbstractEntityManagerFactoryBean.afterPropertiesSet(AbstractEntityManagerFactoryBean.java:396)
	at deployment.vehiclemanager.war//org.springframework.orm.jpa.LocalContainerEntityManagerFactoryBean.afterPropertiesSet(LocalContainerEntityManagerFactoryBean.java:341)
	at deployment.vehiclemanager.war//org.springframework.beans.factory.support.AbstractAutowireCapableBeanFactory.invokeInitMethods(AbstractAutowireCapableBeanFactory.java:1863)
	at deployment.vehiclemanager.war//org.springframework.beans.factory.support.AbstractAutowireCapableBeanFactory.initializeBean(AbstractAutowireCapableBeanFactory.java:1800)
	at deployment.vehiclemanager.war//org.springframework.beans.factory.support.AbstractAutowireCapableBeanFactory.doCreateBean(AbstractAutowireCapableBeanFactory.java:620)
	at deployment.vehiclemanager.war//org.springframework.beans.factory.support.AbstractAutowireCapableBeanFactory.createBean(AbstractAutowireCapableBeanFactory.java:542)
	at deployment.vehiclemanager.war//org.springframework.beans.factory.support.AbstractBeanFactory.lambda$doGetBean$0(AbstractBeanFactory.java:335)
	at deployment.vehiclemanager.war//org.springframework.beans.factory.support.DefaultSingletonBeanRegistry.getSingleton(DefaultSingletonBeanRegistry.java:234)
	at deployment.vehiclemanager.war//org.springframework.beans.factory.support.AbstractBeanFactory.doGetBean(AbstractBeanFactory.java:333)
	at deployment.vehiclemanager.war//org.springframework.beans.factory.support.AbstractBeanFactory.getBean(AbstractBeanFactory.java:208)
	at deployment.vehiclemanager.war//org.springframework.context.support.AbstractApplicationContext.getBean(AbstractApplicationContext.java:1154)
	at deployment.vehiclemanager.war//org.springframework.context.support.AbstractApplicationContext.finishBeanFactoryInitialization(AbstractApplicationContext.java:908)
	at deployment.vehiclemanager.war//org.springframework.context.support.AbstractApplicationContext.refresh(AbstractApplicationContext.java:583)
	at deployment.vehiclemanager.war//org.springframework.web.context.ContextLoader.configureAndRefreshWebApplicationContext(ContextLoader.java:401)
	at deployment.vehiclemanager.war//org.springframework.web.context.ContextLoader.initWebApplicationContext(ContextLoader.java:292)
	at deployment.vehiclemanager.war//org.springframework.web.context.ContextLoaderListener.contextInitialized(ContextLoaderListener.java:103)
	at io.undertow.servlet@2.2.12.Final//io.undertow.servlet.core.ApplicationListeners.contextInitialized(ApplicationListeners.java:187)
	at io.undertow.servlet@2.2.12.Final//io.undertow.servlet.core.DeploymentManagerImpl$1.call(DeploymentManagerImpl.java:219)
	at io.undertow.servlet@2.2.12.Final//io.undertow.servlet.core.DeploymentManagerImpl$1.call(DeploymentManagerImpl.java:187)
	at io.undertow.servlet@2.2.12.Final//io.undertow.servlet.core.ServletRequestContextThreadSetupAction$1.call(ServletRequestContextThreadSetupAction.java:42)
	at io.undertow.servlet@2.2.12.Final//io.undertow.servlet.core.ContextClassLoaderSetupAction$1.call(ContextClassLoaderSetupAction.java:43)
	at org.wildfly.extension.undertow@25.0.1.Final//org.wildfly.extension.undertow.deployment.UndertowDeploymentInfoService$UndertowThreadSetupAction.lambda$create$0(UndertowDeploymentInfoService.java:1544)
	at org.wildfly.extension.undertow@25.0.1.Final//org.wildfly.extension.undertow.deployment.UndertowDeploymentInfoService$UndertowThreadSetupAction.lambda$create$0(UndertowDeploymentInfoService.java:1544)
	at org.wildfly.extension.undertow@25.0.1.Final//org.wildfly.extension.undertow.deployment.UndertowDeploymentInfoService$UndertowThreadSetupAction.lambda$create$0(UndertowDeploymentInfoService.java:1544)
	at org.wildfly.extension.undertow@25.0.1.Final//org.wildfly.extension.undertow.deployment.UndertowDeploymentInfoService$UndertowThreadSetupAction.lambda$create$0(UndertowDeploymentInfoService.java:1544)
	at org.wildfly.extension.undertow@25.0.1.Final//org.wildfly.extension.undertow.deployment.UndertowDeploymentInfoService$UndertowThreadSetupAction.lambda$create$0(UndertowDeploymentInfoService.java:1544)
	at io.undertow.servlet@2.2.12.Final//io.undertow.servlet.core.DeploymentManagerImpl.deploy(DeploymentManagerImpl.java:255)
	at org.wildfly.extension.undertow@25.0.1.Final//org.wildfly.extension.undertow.deployment.UndertowDeploymentService.startContext(UndertowDeploymentService.java:105)
	at org.wildfly.extension.undertow@25.0.1.Final//org.wildfly.extension.undertow.deployment.UndertowDeploymentService$1.run(UndertowDeploymentService.java:87)
	at java.base/java.util.concurrent.Executors$RunnableAdapter.call(Executors.java:572)
	at java.base/java.util.concurrent.FutureTask.run(FutureTask.java:317)
	at org.jboss.threads@2.4.0.Final//org.jboss.threads.ContextClassLoaderSavingRunnable.run(ContextClassLoaderSavingRunnable.java:35)
	at org.jboss.threads@2.4.0.Final//org.jboss.threads.EnhancedQueueExecutor.safeRun(EnhancedQueueExecutor.java:1990)
	at org.jboss.threads@2.4.0.Final//org.jboss.threads.EnhancedQueueExecutor$ThreadBody.doRunTask(EnhancedQueueExecutor.java:1486)
	at org.jboss.threads@2.4.0.Final//org.jboss.threads.EnhancedQueueExecutor$ThreadBody.run(EnhancedQueueExecutor.java:1377)
	at java.base/java.lang.Thread.run(Thread.java:1570)
	at org.jboss.threads@2.4.0.Final//org.jboss.threads.JBossThread.run(JBossThread.java:513)
Caused by: org.postgresql.util.PSQLException: ERROR: column "number_of_lifts" of relation "houses" contains null values
	at deployment.vehiclemanager.war//org.postgresql.core.v3.QueryExecutorImpl.receiveErrorResponse(QueryExecutorImpl.java:2734)
	at deployment.vehiclemanager.war//org.postgresql.core.v3.QueryExecutorImpl.processResults(QueryExecutorImpl.java:2421)
	at deployment.vehiclemanager.war//org.postgresql.core.v3.QueryExecutorImpl.execute(QueryExecutorImpl.java:372)
	at deployment.vehiclemanager.war//org.postgresql.jdbc.PgStatement.executeInternal(PgStatement.java:518)
	at deployment.vehiclemanager.war//org.postgresql.jdbc.PgStatement.execute(PgStatement.java:435)
	at deployment.vehiclemanager.war//org.postgresql.jdbc.PgStatement.executeWithFlags(PgStatement.java:357)
	at deployment.vehiclemanager.war//org.postgresql.jdbc.PgStatement.executeCachedSql(PgStatement.java:342)
	at deployment.vehiclemanager.war//org.postgresql.jdbc.PgStatement.executeWithFlags(PgStatement.java:318)
	at deployment.vehiclemanager.war//org.postgresql.jdbc.PgStatement.execute(PgStatement.java:313)
	at deployment.vehiclemanager.war//org.hibernate.tool.schema.internal.exec.GenerationTargetToDatabase.accept(GenerationTargetToDatabase.java:54)
	... 51 more

2025-12-02 00:08:36,792 INFO  [org.hibernate.engine.transaction.jta.platform.internal.JtaPlatformInitiator] (ServerService Thread Pool -- 90) HHH000490: Using JtaPlatform implementation: [org.hibernate.engine.transaction.jta.platform.internal.WildFlyStandAloneJtaPlatform]
2025-12-02 00:08:36,837 INFO  [org.springframework.orm.jpa.LocalContainerEntityManagerFactoryBean] (ServerService Thread Pool -- 90) Initialized JPA EntityManagerFactory for persistence unit 'default'
2025-12-02 00:08:36,852 INFO  [org.springframework.web.context.ContextLoader] (ServerService Thread Pool -- 90) Root WebApplicationContext initialized in 4421 ms
2025-12-02 00:08:36,853 INFO  [io.undertow.servlet] (ServerService Thread Pool -- 90) Initializing Spring DispatcherServlet 'dispatcher'
2025-12-02 00:08:36,853 INFO  [org.springframework.web.servlet.DispatcherServlet] (ServerService Thread Pool -- 90) Initializing Servlet 'dispatcher'
2025-12-02 00:08:36,912 INFO  [org.hibernate.jpa.internal.util.LogHelper] (ServerService Thread Pool -- 90) HHH000204: Processing PersistenceUnitInfo [name: default]
2025-12-02 00:08:36,928 INFO  [org.hibernate.dialect.Dialect] (ServerService Thread Pool -- 90) HHH000400: Using dialect: org.hibernate.dialect.PostgreSQLDialect
2025-12-02 00:08:36,929 INFO  [org.hibernate.orm.beans] (ServerService Thread Pool -- 90) HHH10005002: No explicit CDI BeanManager reference was passed to Hibernate, but CDI is available on the Hibernate ClassLoader.
2025-12-02 00:08:36,988 INFO  [stdout] (ServerService Thread Pool -- 90) Hibernate: 
2025-12-02 00:08:36,988 INFO  [stdout] (ServerService Thread Pool -- 90)     
2025-12-02 00:08:36,988 INFO  [stdout] (ServerService Thread Pool -- 90)     alter table flats 
2025-12-02 00:08:36,988 INFO  [stdout] (ServerService Thread Pool -- 90)        add column time_to_metro float8 not null check(time_to_metro>=1)
2025-12-02 00:08:36,989 WARN  [org.hibernate.tool.schema.internal.ExceptionHandlerLoggedImpl] (ServerService Thread Pool -- 90) GenerationTarget encountered exception accepting command : Error executing DDL "
    alter table flats 
       add column time_to_metro float8 not null check(time_to_metro>=1)" via JDBC Statement: org.hibernate.tool.schema.spi.CommandAcceptanceException: Error executing DDL "
    alter table flats 
       add column time_to_metro float8 not null check(time_to_metro>=1)" via JDBC Statement
	at deployment.vehiclemanager.war//org.hibernate.tool.schema.internal.exec.GenerationTargetToDatabase.accept(GenerationTargetToDatabase.java:67)
	at deployment.vehiclemanager.war//org.hibernate.tool.schema.internal.AbstractSchemaMigrator.applySqlString(AbstractSchemaMigrator.java:581)
	at deployment.vehiclemanager.war//org.hibernate.tool.schema.internal.AbstractSchemaMigrator.applySqlStrings(AbstractSchemaMigrator.java:602)
	at deployment.vehiclemanager.war//org.hibernate.tool.schema.internal.AbstractSchemaMigrator.migrateTable(AbstractSchemaMigrator.java:314)
	at deployment.vehiclemanager.war//org.hibernate.tool.schema.internal.GroupedSchemaMigratorImpl.performTablesMigration(GroupedSchemaMigratorImpl.java:78)
	at deployment.vehiclemanager.war//org.hibernate.tool.schema.internal.AbstractSchemaMigrator.performMigration(AbstractSchemaMigrator.java:220)
	at deployment.vehiclemanager.war//org.hibernate.tool.schema.internal.AbstractSchemaMigrator.doMigration(AbstractSchemaMigrator.java:123)
	at deployment.vehiclemanager.war//org.hibernate.tool.schema.spi.SchemaManagementToolCoordinator.performDatabaseAction(SchemaManagementToolCoordinator.java:196)
	at deployment.vehiclemanager.war//org.hibernate.tool.schema.spi.SchemaManagementToolCoordinator.process(SchemaManagementToolCoordinator.java:85)
	at deployment.vehiclemanager.war//org.hibernate.internal.SessionFactoryImpl.<init>(SessionFactoryImpl.java:335)
	at deployment.vehiclemanager.war//org.hibernate.boot.internal.SessionFactoryBuilderImpl.build(SessionFactoryBuilderImpl.java:471)
	at deployment.vehiclemanager.war//org.hibernate.jpa.boot.internal.EntityManagerFactoryBuilderImpl.build(EntityManagerFactoryBuilderImpl.java:1498)
	at deployment.vehiclemanager.war//org.springframework.orm.jpa.vendor.SpringHibernateJpaPersistenceProvider.createContainerEntityManagerFactory(SpringHibernateJpaPersistenceProvider.java:58)
	at deployment.vehiclemanager.war//org.springframework.orm.jpa.LocalContainerEntityManagerFactoryBean.createNativeEntityManagerFactory(LocalContainerEntityManagerFactoryBean.java:365)
	at deployment.vehiclemanager.war//org.springframework.orm.jpa.AbstractEntityManagerFactoryBean.buildNativeEntityManagerFactory(AbstractEntityManagerFactoryBean.java:409)
	at deployment.vehiclemanager.war//org.springframework.orm.jpa.AbstractEntityManagerFactoryBean.afterPropertiesSet(AbstractEntityManagerFactoryBean.java:396)
	at deployment.vehiclemanager.war//org.springframework.orm.jpa.LocalContainerEntityManagerFactoryBean.afterPropertiesSet(LocalContainerEntityManagerFactoryBean.java:341)
	at deployment.vehiclemanager.war//org.springframework.beans.factory.support.AbstractAutowireCapableBeanFactory.invokeInitMethods(AbstractAutowireCapableBeanFactory.java:1863)
	at deployment.vehiclemanager.war//org.springframework.beans.factory.support.AbstractAutowireCapableBeanFactory.initializeBean(AbstractAutowireCapableBeanFactory.java:1800)
	at deployment.vehiclemanager.war//org.springframework.beans.factory.support.AbstractAutowireCapableBeanFactory.doCreateBean(AbstractAutowireCapableBeanFactory.java:620)
	at deployment.vehiclemanager.war//org.springframework.beans.factory.support.AbstractAutowireCapableBeanFactory.createBean(AbstractAutowireCapableBeanFactory.java:542)
	at deployment.vehiclemanager.war//org.springframework.beans.factory.support.AbstractBeanFactory.lambda$doGetBean$0(AbstractBeanFactory.java:335)
	at deployment.vehiclemanager.war//org.springframework.beans.factory.support.DefaultSingletonBeanRegistry.getSingleton(DefaultSingletonBeanRegistry.java:234)
	at deployment.vehiclemanager.war//org.springframework.beans.factory.support.AbstractBeanFactory.doGetBean(AbstractBeanFactory.java:333)
	at deployment.vehiclemanager.war//org.springframework.beans.factory.support.AbstractBeanFactory.getBean(AbstractBeanFactory.java:208)
	at deployment.vehiclemanager.war//org.springframework.context.support.AbstractApplicationContext.getBean(AbstractApplicationContext.java:1154)
	at deployment.vehiclemanager.war//org.springframework.context.support.AbstractApplicationContext.finishBeanFactoryInitialization(AbstractApplicationContext.java:908)
	at deployment.vehiclemanager.war//org.springframework.context.support.AbstractApplicationContext.refresh(AbstractApplicationContext.java:583)
	at deployment.vehiclemanager.war//org.springframework.web.servlet.FrameworkServlet.configureAndRefreshWebApplicationContext(FrameworkServlet.java:702)
	at deployment.vehiclemanager.war//org.springframework.web.servlet.FrameworkServlet.initWebApplicationContext(FrameworkServlet.java:578)
	at deployment.vehiclemanager.war//org.springframework.web.servlet.FrameworkServlet.initServletBean(FrameworkServlet.java:530)
	at deployment.vehiclemanager.war//org.springframework.web.servlet.HttpServletBean.init(HttpServletBean.java:170)
	at javax.servlet.api@2.0.0.Final//javax.servlet.GenericServlet.init(GenericServlet.java:180)
	at io.undertow.servlet@2.2.12.Final//io.undertow.servlet.core.LifecyleInterceptorInvocation.proceed(LifecyleInterceptorInvocation.java:117)
	at org.wildfly.security.elytron-web.undertow-server-servlet@1.10.0.Final//org.wildfly.elytron.web.undertow.server.servlet.RunAsLifecycleInterceptor.doIt(RunAsLifecycleInterceptor.java:70)
	at org.wildfly.security.elytron-web.undertow-server-servlet@1.10.0.Final//org.wildfly.elytron.web.undertow.server.servlet.RunAsLifecycleInterceptor.init(RunAsLifecycleInterceptor.java:76)
	at io.undertow.servlet@2.2.12.Final//io.undertow.servlet.core.LifecyleInterceptorInvocation.proceed(LifecyleInterceptorInvocation.java:103)
	at io.undertow.servlet@2.2.12.Final//io.undertow.servlet.core.ManagedServlet$DefaultInstanceStrategy.start(ManagedServlet.java:309)
	at io.undertow.servlet@2.2.12.Final//io.undertow.servlet.core.ManagedServlet.createServlet(ManagedServlet.java:145)
	at io.undertow.servlet@2.2.12.Final//io.undertow.servlet.core.DeploymentManagerImpl$2.call(DeploymentManagerImpl.java:588)
	at io.undertow.servlet@2.2.12.Final//io.undertow.servlet.core.DeploymentManagerImpl$2.call(DeploymentManagerImpl.java:559)
	at io.undertow.servlet@2.2.12.Final//io.undertow.servlet.core.ServletRequestContextThreadSetupAction$1.call(ServletRequestContextThreadSetupAction.java:42)
	at io.undertow.servlet@2.2.12.Final//io.undertow.servlet.core.ContextClassLoaderSetupAction$1.call(ContextClassLoaderSetupAction.java:43)
	at org.wildfly.extension.undertow@25.0.1.Final//org.wildfly.extension.undertow.deployment.UndertowDeploymentInfoService$UndertowThreadSetupAction.lambda$create$0(UndertowDeploymentInfoService.java:1544)
	at org.wildfly.extension.undertow@25.0.1.Final//org.wildfly.extension.undertow.deployment.UndertowDeploymentInfoService$UndertowThreadSetupAction.lambda$create$0(UndertowDeploymentInfoService.java:1544)
	at org.wildfly.extension.undertow@25.0.1.Final//org.wildfly.extension.undertow.deployment.UndertowDeploymentInfoService$UndertowThreadSetupAction.lambda$create$0(UndertowDeploymentInfoService.java:1544)
	at org.wildfly.extension.undertow@25.0.1.Final//org.wildfly.extension.undertow.deployment.UndertowDeploymentInfoService$UndertowThreadSetupAction.lambda$create$0(UndertowDeploymentInfoService.java:1544)
	at org.wildfly.extension.undertow@25.0.1.Final//org.wildfly.extension.undertow.deployment.UndertowDeploymentInfoService$UndertowThreadSetupAction.lambda$create$0(UndertowDeploymentInfoService.java:1544)
	at io.undertow.servlet@2.2.12.Final//io.undertow.servlet.core.DeploymentManagerImpl.start(DeploymentManagerImpl.java:601)
	at org.wildfly.extension.undertow@25.0.1.Final//org.wildfly.extension.undertow.deployment.UndertowDeploymentService.startContext(UndertowDeploymentService.java:106)
	at org.wildfly.extension.undertow@25.0.1.Final//org.wildfly.extension.undertow.deployment.UndertowDeploymentService$1.run(UndertowDeploymentService.java:87)
	at java.base/java.util.concurrent.Executors$RunnableAdapter.call(Executors.java:572)
	at java.base/java.util.concurrent.FutureTask.run(FutureTask.java:317)
	at org.jboss.threads@2.4.0.Final//org.jboss.threads.ContextClassLoaderSavingRunnable.run(ContextClassLoaderSavingRunnable.java:35)
	at org.jboss.threads@2.4.0.Final//org.jboss.threads.EnhancedQueueExecutor.safeRun(EnhancedQueueExecutor.java:1990)
	at org.jboss.threads@2.4.0.Final//org.jboss.threads.EnhancedQueueExecutor$ThreadBody.doRunTask(EnhancedQueueExecutor.java:1486)
	at org.jboss.threads@2.4.0.Final//org.jboss.threads.EnhancedQueueExecutor$ThreadBody.run(EnhancedQueueExecutor.java:1377)
	at java.base/java.lang.Thread.run(Thread.java:1570)
	at org.jboss.threads@2.4.0.Final//org.jboss.threads.JBossThread.run(JBossThread.java:513)
Caused by: org.postgresql.util.PSQLException: ERROR: column "time_to_metro" of relation "flats" contains null values
	at deployment.vehiclemanager.war//org.postgresql.core.v3.QueryExecutorImpl.receiveErrorResponse(QueryExecutorImpl.java:2734)
	at deployment.vehiclemanager.war//org.postgresql.core.v3.QueryExecutorImpl.processResults(QueryExecutorImpl.java:2421)
	at deployment.vehiclemanager.war//org.postgresql.core.v3.QueryExecutorImpl.execute(QueryExecutorImpl.java:372)
	at deployment.vehiclemanager.war//org.postgresql.jdbc.PgStatement.executeInternal(PgStatement.java:518)
	at deployment.vehiclemanager.war//org.postgresql.jdbc.PgStatement.execute(PgStatement.java:435)
	at deployment.vehiclemanager.war//org.postgresql.jdbc.PgStatement.executeWithFlags(PgStatement.java:357)
	at deployment.vehiclemanager.war//org.postgresql.jdbc.PgStatement.executeCachedSql(PgStatement.java:342)
	at deployment.vehiclemanager.war//org.postgresql.jdbc.PgStatement.executeWithFlags(PgStatement.java:318)
	at deployment.vehiclemanager.war//org.postgresql.jdbc.PgStatement.execute(PgStatement.java:313)
	at deployment.vehiclemanager.war//org.hibernate.tool.schema.internal.exec.GenerationTargetToDatabase.accept(GenerationTargetToDatabase.java:54)
	... 58 more

2025-12-02 00:08:36,989 INFO  [stdout] (ServerService Thread Pool -- 90) Hibernate: 
2025-12-02 00:08:36,989 INFO  [stdout] (ServerService Thread Pool -- 90)     
2025-12-02 00:08:36,989 INFO  [stdout] (ServerService Thread Pool -- 90)     alter table houses 
2025-12-02 00:08:36,989 INFO  [stdout] (ServerService Thread Pool -- 90)        add column number_of_flats_on_floor int8 not null check(number_of_flats_on_floor>=1)
2025-12-02 00:08:36,990 WARN  [org.hibernate.tool.schema.internal.ExceptionHandlerLoggedImpl] (ServerService Thread Pool -- 90) GenerationTarget encountered exception accepting command : Error executing DDL "
    alter table houses 
       add column number_of_flats_on_floor int8 not null check(number_of_flats_on_floor>=1)" via JDBC Statement: org.hibernate.tool.schema.spi.CommandAcceptanceException: Error executing DDL "
    alter table houses 
       add column number_of_flats_on_floor int8 not null check(number_of_flats_on_floor>=1)" via JDBC Statement
	at deployment.vehiclemanager.war//org.hibernate.tool.schema.internal.exec.GenerationTargetToDatabase.accept(GenerationTargetToDatabase.java:67)
	at deployment.vehiclemanager.war//org.hibernate.tool.schema.internal.AbstractSchemaMigrator.applySqlString(AbstractSchemaMigrator.java:581)
	at deployment.vehiclemanager.war//org.hibernate.tool.schema.internal.AbstractSchemaMigrator.applySqlStrings(AbstractSchemaMigrator.java:602)
	at deployment.vehiclemanager.war//org.hibernate.tool.schema.internal.AbstractSchemaMigrator.migrateTable(AbstractSchemaMigrator.java:314)
	at deployment.vehiclemanager.war//org.hibernate.tool.schema.internal.GroupedSchemaMigratorImpl.performTablesMigration(GroupedSchemaMigratorImpl.java:78)
	at deployment.vehiclemanager.war//org.hibernate.tool.schema.internal.AbstractSchemaMigrator.performMigration(AbstractSchemaMigrator.java:220)
	at deployment.vehiclemanager.war//org.hibernate.tool.schema.internal.AbstractSchemaMigrator.doMigration(AbstractSchemaMigrator.java:123)
	at deployment.vehiclemanager.war//org.hibernate.tool.schema.spi.SchemaManagementToolCoordinator.performDatabaseAction(SchemaManagementToolCoordinator.java:196)
	at deployment.vehiclemanager.war//org.hibernate.tool.schema.spi.SchemaManagementToolCoordinator.process(SchemaManagementToolCoordinator.java:85)
	at deployment.vehiclemanager.war//org.hibernate.internal.SessionFactoryImpl.<init>(SessionFactoryImpl.java:335)
	at deployment.vehiclemanager.war//org.hibernate.boot.internal.SessionFactoryBuilderImpl.build(SessionFactoryBuilderImpl.java:471)
	at deployment.vehiclemanager.war//org.hibernate.jpa.boot.internal.EntityManagerFactoryBuilderImpl.build(EntityManagerFactoryBuilderImpl.java:1498)
	at deployment.vehiclemanager.war//org.springframework.orm.jpa.vendor.SpringHibernateJpaPersistenceProvider.createContainerEntityManagerFactory(SpringHibernateJpaPersistenceProvider.java:58)
	at deployment.vehiclemanager.war//org.springframework.orm.jpa.LocalContainerEntityManagerFactoryBean.createNativeEntityManagerFactory(LocalContainerEntityManagerFactoryBean.java:365)
	at deployment.vehiclemanager.war//org.springframework.orm.jpa.AbstractEntityManagerFactoryBean.buildNativeEntityManagerFactory(AbstractEntityManagerFactoryBean.java:409)
	at deployment.vehiclemanager.war//org.springframework.orm.jpa.AbstractEntityManagerFactoryBean.afterPropertiesSet(AbstractEntityManagerFactoryBean.java:396)
	at deployment.vehiclemanager.war//org.springframework.orm.jpa.LocalContainerEntityManagerFactoryBean.afterPropertiesSet(LocalContainerEntityManagerFactoryBean.java:341)
	at deployment.vehiclemanager.war//org.springframework.beans.factory.support.AbstractAutowireCapableBeanFactory.invokeInitMethods(AbstractAutowireCapableBeanFactory.java:1863)
	at deployment.vehiclemanager.war//org.springframework.beans.factory.support.AbstractAutowireCapableBeanFactory.initializeBean(AbstractAutowireCapableBeanFactory.java:1800)
	at deployment.vehiclemanager.war//org.springframework.beans.factory.support.AbstractAutowireCapableBeanFactory.doCreateBean(AbstractAutowireCapableBeanFactory.java:620)
	at deployment.vehiclemanager.war//org.springframework.beans.factory.support.AbstractAutowireCapableBeanFactory.createBean(AbstractAutowireCapableBeanFactory.java:542)
	at deployment.vehiclemanager.war//org.springframework.beans.factory.support.AbstractBeanFactory.lambda$doGetBean$0(AbstractBeanFactory.java:335)
	at deployment.vehiclemanager.war//org.springframework.beans.factory.support.DefaultSingletonBeanRegistry.getSingleton(DefaultSingletonBeanRegistry.java:234)
	at deployment.vehiclemanager.war//org.springframework.beans.factory.support.AbstractBeanFactory.doGetBean(AbstractBeanFactory.java:333)
	at deployment.vehiclemanager.war//org.springframework.beans.factory.support.AbstractBeanFactory.getBean(AbstractBeanFactory.java:208)
	at deployment.vehiclemanager.war//org.springframework.context.support.AbstractApplicationContext.getBean(AbstractApplicationContext.java:1154)
	at deployment.vehiclemanager.war//org.springframework.context.support.AbstractApplicationContext.finishBeanFactoryInitialization(AbstractApplicationContext.java:908)
	at deployment.vehiclemanager.war//org.springframework.context.support.AbstractApplicationContext.refresh(AbstractApplicationContext.java:583)
	at deployment.vehiclemanager.war//org.springframework.web.servlet.FrameworkServlet.configureAndRefreshWebApplicationContext(FrameworkServlet.java:702)
	at deployment.vehiclemanager.war//org.springframework.web.servlet.FrameworkServlet.initWebApplicationContext(FrameworkServlet.java:578)
	at deployment.vehiclemanager.war//org.springframework.web.servlet.FrameworkServlet.initServletBean(FrameworkServlet.java:530)
	at deployment.vehiclemanager.war//org.springframework.web.servlet.HttpServletBean.init(HttpServletBean.java:170)
	at javax.servlet.api@2.0.0.Final//javax.servlet.GenericServlet.init(GenericServlet.java:180)
	at io.undertow.servlet@2.2.12.Final//io.undertow.servlet.core.LifecyleInterceptorInvocation.proceed(LifecyleInterceptorInvocation.java:117)
	at org.wildfly.security.elytron-web.undertow-server-servlet@1.10.0.Final//org.wildfly.elytron.web.undertow.server.servlet.RunAsLifecycleInterceptor.doIt(RunAsLifecycleInterceptor.java:70)
	at org.wildfly.security.elytron-web.undertow-server-servlet@1.10.0.Final//org.wildfly.elytron.web.undertow.server.servlet.RunAsLifecycleInterceptor.init(RunAsLifecycleInterceptor.java:76)
	at io.undertow.servlet@2.2.12.Final//io.undertow.servlet.core.LifecyleInterceptorInvocation.proceed(LifecyleInterceptorInvocation.java:103)
	at io.undertow.servlet@2.2.12.Final//io.undertow.servlet.core.ManagedServlet$DefaultInstanceStrategy.start(ManagedServlet.java:309)
	at io.undertow.servlet@2.2.12.Final//io.undertow.servlet.core.ManagedServlet.createServlet(ManagedServlet.java:145)
	at io.undertow.servlet@2.2.12.Final//io.undertow.servlet.core.DeploymentManagerImpl$2.call(DeploymentManagerImpl.java:588)
	at io.undertow.servlet@2.2.12.Final//io.undertow.servlet.core.DeploymentManagerImpl$2.call(DeploymentManagerImpl.java:559)
	at io.undertow.servlet@2.2.12.Final//io.undertow.servlet.core.ServletRequestContextThreadSetupAction$1.call(ServletRequestContextThreadSetupAction.java:42)
	at io.undertow.servlet@2.2.12.Final//io.undertow.servlet.core.ContextClassLoaderSetupAction$1.call(ContextClassLoaderSetupAction.java:43)
	at org.wildfly.extension.undertow@25.0.1.Final//org.wildfly.extension.undertow.deployment.UndertowDeploymentInfoService$UndertowThreadSetupAction.lambda$create$0(UndertowDeploymentInfoService.java:1544)
	at org.wildfly.extension.undertow@25.0.1.Final//org.wildfly.extension.undertow.deployment.UndertowDeploymentInfoService$UndertowThreadSetupAction.lambda$create$0(UndertowDeploymentInfoService.java:1544)
	at org.wildfly.extension.undertow@25.0.1.Final//org.wildfly.extension.undertow.deployment.UndertowDeploymentInfoService$UndertowThreadSetupAction.lambda$create$0(UndertowDeploymentInfoService.java:1544)
	at org.wildfly.extension.undertow@25.0.1.Final//org.wildfly.extension.undertow.deployment.UndertowDeploymentInfoService$UndertowThreadSetupAction.lambda$create$0(UndertowDeploymentInfoService.java:1544)
	at org.wildfly.extension.undertow@25.0.1.Final//org.wildfly.extension.undertow.deployment.UndertowDeploymentInfoService$UndertowThreadSetupAction.lambda$create$0(UndertowDeploymentInfoService.java:1544)
	at io.undertow.servlet@2.2.12.Final//io.undertow.servlet.core.DeploymentManagerImpl.start(DeploymentManagerImpl.java:601)
	at org.wildfly.extension.undertow@25.0.1.Final//org.wildfly.extension.undertow.deployment.UndertowDeploymentService.startContext(UndertowDeploymentService.java:106)
	at org.wildfly.extension.undertow@25.0.1.Final//org.wildfly.extension.undertow.deployment.UndertowDeploymentService$1.run(UndertowDeploymentService.java:87)
	at java.base/java.util.concurrent.Executors$RunnableAdapter.call(Executors.java:572)
	at java.base/java.util.concurrent.FutureTask.run(FutureTask.java:317)
	at org.jboss.threads@2.4.0.Final//org.jboss.threads.ContextClassLoaderSavingRunnable.run(ContextClassLoaderSavingRunnable.java:35)
	at org.jboss.threads@2.4.0.Final//org.jboss.threads.EnhancedQueueExecutor.safeRun(EnhancedQueueExecutor.java:1990)
	at org.jboss.threads@2.4.0.Final//org.jboss.threads.EnhancedQueueExecutor$ThreadBody.doRunTask(EnhancedQueueExecutor.java:1486)
	at org.jboss.threads@2.4.0.Final//org.jboss.threads.EnhancedQueueExecutor$ThreadBody.run(EnhancedQueueExecutor.java:1377)
	at java.base/java.lang.Thread.run(Thread.java:1570)
	at org.jboss.threads@2.4.0.Final//org.jboss.threads.JBossThread.run(JBossThread.java:513)
Caused by: org.postgresql.util.PSQLException: ERROR: column "number_of_flats_on_floor" of relation "houses" contains null values
	at deployment.vehiclemanager.war//org.postgresql.core.v3.QueryExecutorImpl.receiveErrorResponse(QueryExecutorImpl.java:2734)
	at deployment.vehiclemanager.war//org.postgresql.core.v3.QueryExecutorImpl.processResults(QueryExecutorImpl.java:2421)
	at deployment.vehiclemanager.war//org.postgresql.core.v3.QueryExecutorImpl.execute(QueryExecutorImpl.java:372)
	at deployment.vehiclemanager.war//org.postgresql.jdbc.PgStatement.executeInternal(PgStatement.java:518)
	at deployment.vehiclemanager.war//org.postgresql.jdbc.PgStatement.execute(PgStatement.java:435)
	at deployment.vehiclemanager.war//org.postgresql.jdbc.PgStatement.executeWithFlags(PgStatement.java:357)
	at deployment.vehiclemanager.war//org.postgresql.jdbc.PgStatement.executeCachedSql(PgStatement.java:342)
	at deployment.vehiclemanager.war//org.postgresql.jdbc.PgStatement.executeWithFlags(PgStatement.java:318)
	at deployment.vehiclemanager.war//org.postgresql.jdbc.PgStatement.execute(PgStatement.java:313)
	at deployment.vehiclemanager.war//org.hibernate.tool.schema.internal.exec.GenerationTargetToDatabase.accept(GenerationTargetToDatabase.java:54)
	... 58 more

2025-12-02 00:08:36,990 INFO  [stdout] (ServerService Thread Pool -- 90) Hibernate: 
2025-12-02 00:08:36,990 INFO  [stdout] (ServerService Thread Pool -- 90)     
2025-12-02 00:08:36,990 INFO  [stdout] (ServerService Thread Pool -- 90)     alter table houses 
2025-12-02 00:08:36,990 INFO  [stdout] (ServerService Thread Pool -- 90)        add column number_of_lifts int4 not null check(number_of_lifts>=1)
2025-12-02 00:08:36,990 WARN  [org.hibernate.tool.schema.internal.ExceptionHandlerLoggedImpl] (ServerService Thread Pool -- 90) GenerationTarget encountered exception accepting command : Error executing DDL "
    alter table houses 
       add column number_of_lifts int4 not null check(number_of_lifts>=1)" via JDBC Statement: org.hibernate.tool.schema.spi.CommandAcceptanceException: Error executing DDL "
    alter table houses 
       add column number_of_lifts int4 not null check(number_of_lifts>=1)" via JDBC Statement
	at deployment.vehiclemanager.war//org.hibernate.tool.schema.internal.exec.GenerationTargetToDatabase.accept(GenerationTargetToDatabase.java:67)
	at deployment.vehiclemanager.war//org.hibernate.tool.schema.internal.AbstractSchemaMigrator.applySqlString(AbstractSchemaMigrator.java:581)
	at deployment.vehiclemanager.war//org.hibernate.tool.schema.internal.AbstractSchemaMigrator.applySqlStrings(AbstractSchemaMigrator.java:602)
	at deployment.vehiclemanager.war//org.hibernate.tool.schema.internal.AbstractSchemaMigrator.migrateTable(AbstractSchemaMigrator.java:314)
	at deployment.vehiclemanager.war//org.hibernate.tool.schema.internal.GroupedSchemaMigratorImpl.performTablesMigration(GroupedSchemaMigratorImpl.java:78)
	at deployment.vehiclemanager.war//org.hibernate.tool.schema.internal.AbstractSchemaMigrator.performMigration(AbstractSchemaMigrator.java:220)
	at deployment.vehiclemanager.war//org.hibernate.tool.schema.internal.AbstractSchemaMigrator.doMigration(AbstractSchemaMigrator.java:123)
	at deployment.vehiclemanager.war//org.hibernate.tool.schema.spi.SchemaManagementToolCoordinator.performDatabaseAction(SchemaManagementToolCoordinator.java:196)
	at deployment.vehiclemanager.war//org.hibernate.tool.schema.spi.SchemaManagementToolCoordinator.process(SchemaManagementToolCoordinator.java:85)
	at deployment.vehiclemanager.war//org.hibernate.internal.SessionFactoryImpl.<init>(SessionFactoryImpl.java:335)
	at deployment.vehiclemanager.war//org.hibernate.boot.internal.SessionFactoryBuilderImpl.build(SessionFactoryBuilderImpl.java:471)
	at deployment.vehiclemanager.war//org.hibernate.jpa.boot.internal.EntityManagerFactoryBuilderImpl.build(EntityManagerFactoryBuilderImpl.java:1498)
	at deployment.vehiclemanager.war//org.springframework.orm.jpa.vendor.SpringHibernateJpaPersistenceProvider.createContainerEntityManagerFactory(SpringHibernateJpaPersistenceProvider.java:58)
	at deployment.vehiclemanager.war//org.springframework.orm.jpa.LocalContainerEntityManagerFactoryBean.createNativeEntityManagerFactory(LocalContainerEntityManagerFactoryBean.java:365)
	at deployment.vehiclemanager.war//org.springframework.orm.jpa.AbstractEntityManagerFactoryBean.buildNativeEntityManagerFactory(AbstractEntityManagerFactoryBean.java:409)
	at deployment.vehiclemanager.war//org.springframework.orm.jpa.AbstractEntityManagerFactoryBean.afterPropertiesSet(AbstractEntityManagerFactoryBean.java:396)
	at deployment.vehiclemanager.war//org.springframework.orm.jpa.LocalContainerEntityManagerFactoryBean.afterPropertiesSet(LocalContainerEntityManagerFactoryBean.java:341)
	at deployment.vehiclemanager.war//org.springframework.beans.factory.support.AbstractAutowireCapableBeanFactory.invokeInitMethods(AbstractAutowireCapableBeanFactory.java:1863)
	at deployment.vehiclemanager.war//org.springframework.beans.factory.support.AbstractAutowireCapableBeanFactory.initializeBean(AbstractAutowireCapableBeanFactory.java:1800)
	at deployment.vehiclemanager.war//org.springframework.beans.factory.support.AbstractAutowireCapableBeanFactory.doCreateBean(AbstractAutowireCapableBeanFactory.java:620)
	at deployment.vehiclemanager.war//org.springframework.beans.factory.support.AbstractAutowireCapableBeanFactory.createBean(AbstractAutowireCapableBeanFactory.java:542)
	at deployment.vehiclemanager.war//org.springframework.beans.factory.support.AbstractBeanFactory.lambda$doGetBean$0(AbstractBeanFactory.java:335)
	at deployment.vehiclemanager.war//org.springframework.beans.factory.support.DefaultSingletonBeanRegistry.getSingleton(DefaultSingletonBeanRegistry.java:234)
	at deployment.vehiclemanager.war//org.springframework.beans.factory.support.AbstractBeanFactory.doGetBean(AbstractBeanFactory.java:333)
	at deployment.vehiclemanager.war//org.springframework.beans.factory.support.AbstractBeanFactory.getBean(AbstractBeanFactory.java:208)
	at deployment.vehiclemanager.war//org.springframework.context.support.AbstractApplicationContext.getBean(AbstractApplicationContext.java:1154)
	at deployment.vehiclemanager.war//org.springframework.context.support.AbstractApplicationContext.finishBeanFactoryInitialization(AbstractApplicationContext.java:908)
	at deployment.vehiclemanager.war//org.springframework.context.support.AbstractApplicationContext.refresh(AbstractApplicationContext.java:583)
	at deployment.vehiclemanager.war//org.springframework.web.servlet.FrameworkServlet.configureAndRefreshWebApplicationContext(FrameworkServlet.java:702)
	at deployment.vehiclemanager.war//org.springframework.web.servlet.FrameworkServlet.initWebApplicationContext(FrameworkServlet.java:578)
	at deployment.vehiclemanager.war//org.springframework.web.servlet.FrameworkServlet.initServletBean(FrameworkServlet.java:530)
	at deployment.vehiclemanager.war//org.springframework.web.servlet.HttpServletBean.init(HttpServletBean.java:170)
	at javax.servlet.api@2.0.0.Final//javax.servlet.GenericServlet.init(GenericServlet.java:180)
	at io.undertow.servlet@2.2.12.Final//io.undertow.servlet.core.LifecyleInterceptorInvocation.proceed(LifecyleInterceptorInvocation.java:117)
	at org.wildfly.security.elytron-web.undertow-server-servlet@1.10.0.Final//org.wildfly.elytron.web.undertow.server.servlet.RunAsLifecycleInterceptor.doIt(RunAsLifecycleInterceptor.java:70)
	at org.wildfly.security.elytron-web.undertow-server-servlet@1.10.0.Final//org.wildfly.elytron.web.undertow.server.servlet.RunAsLifecycleInterceptor.init(RunAsLifecycleInterceptor.java:76)
	at io.undertow.servlet@2.2.12.Final//io.undertow.servlet.core.LifecyleInterceptorInvocation.proceed(LifecyleInterceptorInvocation.java:103)
	at io.undertow.servlet@2.2.12.Final//io.undertow.servlet.core.ManagedServlet$DefaultInstanceStrategy.start(ManagedServlet.java:309)
	at io.undertow.servlet@2.2.12.Final//io.undertow.servlet.core.ManagedServlet.createServlet(ManagedServlet.java:145)
	at io.undertow.servlet@2.2.12.Final//io.undertow.servlet.core.DeploymentManagerImpl$2.call(DeploymentManagerImpl.java:588)
	at io.undertow.servlet@2.2.12.Final//io.undertow.servlet.core.DeploymentManagerImpl$2.call(DeploymentManagerImpl.java:559)
	at io.undertow.servlet@2.2.12.Final//io.undertow.servlet.core.ServletRequestContextThreadSetupAction$1.call(ServletRequestContextThreadSetupAction.java:42)
	at io.undertow.servlet@2.2.12.Final//io.undertow.servlet.core.ContextClassLoaderSetupAction$1.call(ContextClassLoaderSetupAction.java:43)
	at org.wildfly.extension.undertow@25.0.1.Final//org.wildfly.extension.undertow.deployment.UndertowDeploymentInfoService$UndertowThreadSetupAction.lambda$create$0(UndertowDeploymentInfoService.java:1544)
	at org.wildfly.extension.undertow@25.0.1.Final//org.wildfly.extension.undertow.deployment.UndertowDeploymentInfoService$UndertowThreadSetupAction.lambda$create$0(UndertowDeploymentInfoService.java:1544)
	at org.wildfly.extension.undertow@25.0.1.Final//org.wildfly.extension.undertow.deployment.UndertowDeploymentInfoService$UndertowThreadSetupAction.lambda$create$0(UndertowDeploymentInfoService.java:1544)
	at org.wildfly.extension.undertow@25.0.1.Final//org.wildfly.extension.undertow.deployment.UndertowDeploymentInfoService$UndertowThreadSetupAction.lambda$create$0(UndertowDeploymentInfoService.java:1544)
	at org.wildfly.extension.undertow@25.0.1.Final//org.wildfly.extension.undertow.deployment.UndertowDeploymentInfoService$UndertowThreadSetupAction.lambda$create$0(UndertowDeploymentInfoService.java:1544)
	at io.undertow.servlet@2.2.12.Final//io.undertow.servlet.core.DeploymentManagerImpl.start(DeploymentManagerImpl.java:601)
	at org.wildfly.extension.undertow@25.0.1.Final//org.wildfly.extension.undertow.deployment.UndertowDeploymentService.startContext(UndertowDeploymentService.java:106)
	at org.wildfly.extension.undertow@25.0.1.Final//org.wildfly.extension.undertow.deployment.UndertowDeploymentService$1.run(UndertowDeploymentService.java:87)
	at java.base/java.util.concurrent.Executors$RunnableAdapter.call(Executors.java:572)
	at java.base/java.util.concurrent.FutureTask.run(FutureTask.java:317)
	at org.jboss.threads@2.4.0.Final//org.jboss.threads.ContextClassLoaderSavingRunnable.run(ContextClassLoaderSavingRunnable.java:35)
	at org.jboss.threads@2.4.0.Final//org.jboss.threads.EnhancedQueueExecutor.safeRun(EnhancedQueueExecutor.java:1990)
	at org.jboss.threads@2.4.0.Final//org.jboss.threads.EnhancedQueueExecutor$ThreadBody.doRunTask(EnhancedQueueExecutor.java:1486)
	at org.jboss.threads@2.4.0.Final//org.jboss.threads.EnhancedQueueExecutor$ThreadBody.run(EnhancedQueueExecutor.java:1377)
	at java.base/java.lang.Thread.run(Thread.java:1570)
	at org.jboss.threads@2.4.0.Final//org.jboss.threads.JBossThread.run(JBossThread.java:513)
Caused by: org.postgresql.util.PSQLException: ERROR: column "number_of_lifts" of relation "houses" contains null values
	at deployment.vehiclemanager.war//org.postgresql.core.v3.QueryExecutorImpl.receiveErrorResponse(QueryExecutorImpl.java:2734)
	at deployment.vehiclemanager.war//org.postgresql.core.v3.QueryExecutorImpl.processResults(QueryExecutorImpl.java:2421)
	at deployment.vehiclemanager.war//org.postgresql.core.v3.QueryExecutorImpl.execute(QueryExecutorImpl.java:372)
	at deployment.vehiclemanager.war//org.postgresql.jdbc.PgStatement.executeInternal(PgStatement.java:518)
	at deployment.vehiclemanager.war//org.postgresql.jdbc.PgStatement.execute(PgStatement.java:435)
	at deployment.vehiclemanager.war//org.postgresql.jdbc.PgStatement.executeWithFlags(PgStatement.java:357)
	at deployment.vehiclemanager.war//org.postgresql.jdbc.PgStatement.executeCachedSql(PgStatement.java:342)
	at deployment.vehiclemanager.war//org.postgresql.jdbc.PgStatement.executeWithFlags(PgStatement.java:318)
	at deployment.vehiclemanager.war//org.postgresql.jdbc.PgStatement.execute(PgStatement.java:313)
	at deployment.vehiclemanager.war//org.hibernate.tool.schema.internal.exec.GenerationTargetToDatabase.accept(GenerationTargetToDatabase.java:54)
	... 58 more

2025-12-02 00:08:37,060 INFO  [org.hibernate.engine.transaction.jta.platform.internal.JtaPlatformInitiator] (ServerService Thread Pool -- 90) HHH000490: Using JtaPlatform implementation: [org.hibernate.engine.transaction.jta.platform.internal.WildFlyStandAloneJtaPlatform]
2025-12-02 00:08:37,066 INFO  [org.springframework.orm.jpa.LocalContainerEntityManagerFactoryBean] (ServerService Thread Pool -- 90) Initialized JPA EntityManagerFactory for persistence unit 'default'
2025-12-02 00:08:37,306 INFO  [org.springframework.messaging.simp.broker.SimpleBrokerMessageHandler] (ServerService Thread Pool -- 90) Starting...
2025-12-02 00:08:37,307 INFO  [org.springframework.messaging.simp.broker.SimpleBrokerMessageHandler] (ServerService Thread Pool -- 90) BrokerAvailabilityEvent[available=true, SimpleBrokerMessageHandler [org.springframework.messaging.simp.broker.DefaultSubscriptionRegistry@2c320fa9]]
2025-12-02 00:08:37,307 INFO  [org.springframework.messaging.simp.broker.SimpleBrokerMessageHandler] (ServerService Thread Pool -- 90) Started.
2025-12-02 00:08:37,308 INFO  [org.springframework.web.servlet.DispatcherServlet] (ServerService Thread Pool -- 90) Completed initialization in 455 ms
2025-12-02 00:08:37,308 INFO  [org.wildfly.extension.undertow] (ServerService Thread Pool -- 90) WFLYUT0021: Registered web context: '/vehiclemanager' for server 'default-server'
2025-12-02 00:08:37,339 INFO  [org.jboss.as.server] (DeploymentScanner-threads - 1) WFLYSRV0010: Deployed "vehiclemanager.war" (runtime-name : "vehiclemanager.war")
2025-12-02 00:08:50,756 INFO  [stdout] (default task-2) Hibernate: 
2025-12-02 00:08:50,757 INFO  [stdout] (default task-2)     select
2025-12-02 00:08:50,757 INFO  [stdout] (default task-2)         vehicle0_.id as id1_3_,
2025-12-02 00:08:50,757 INFO  [stdout] (default task-2)         vehicle0_.capacity as capacity2_3_,
2025-12-02 00:08:50,757 INFO  [stdout] (default task-2)         vehicle0_.coordinates_id as coordin11_3_,
2025-12-02 00:08:50,757 INFO  [stdout] (default task-2)         vehicle0_.creation_date as creation3_3_,
2025-12-02 00:08:50,757 INFO  [stdout] (default task-2)         vehicle0_.distance_travelled as distance4_3_,
2025-12-02 00:08:50,757 INFO  [stdout] (default task-2)         vehicle0_.engine_power as engine_p5_3_,
2025-12-02 00:08:50,757 INFO  [stdout] (default task-2)         vehicle0_.fuel_consumption as fuel_con6_3_,
2025-12-02 00:08:50,757 INFO  [stdout] (default task-2)         vehicle0_.fuel_type as fuel_typ7_3_,
2025-12-02 00:08:50,757 INFO  [stdout] (default task-2)         vehicle0_.name as name8_3_,
2025-12-02 00:08:50,757 INFO  [stdout] (default task-2)         vehicle0_.number_of_wheels as number_o9_3_,
2025-12-02 00:08:50,757 INFO  [stdout] (default task-2)         vehicle0_.vehicle_type as vehicle10_3_ 
2025-12-02 00:08:50,757 INFO  [stdout] (default task-2)     from
2025-12-02 00:08:50,757 INFO  [stdout] (default task-2)         vehicles vehicle0_ limit ?
2025-12-02 00:08:50,780 INFO  [stdout] (default task-2) Hibernate: 
2025-12-02 00:08:50,780 INFO  [stdout] (default task-2)     select
2025-12-02 00:08:50,780 INFO  [stdout] (default task-2)         count(vehicle0_.id) as col_0_0_ 
2025-12-02 00:08:50,780 INFO  [stdout] (default task-2)     from
2025-12-02 00:08:50,780 INFO  [stdout] (default task-2)         vehicles vehicle0_
2025-12-02 00:08:50,800 INFO  [stdout] (default task-2) Hibernate: 
2025-12-02 00:08:50,800 INFO  [stdout] (default task-2)     select
2025-12-02 00:08:50,800 INFO  [stdout] (default task-2)         coordinate0_.id as id1_0_,
2025-12-02 00:08:50,800 INFO  [stdout] (default task-2)         coordinate0_.x as x2_0_,
2025-12-02 00:08:50,800 INFO  [stdout] (default task-2)         coordinate0_.y as y3_0_ 
2025-12-02 00:08:50,800 INFO  [stdout] (default task-2)     from
2025-12-02 00:08:50,800 INFO  [stdout] (default task-2)         coordinates coordinate0_
2025-12-02 00:09:01,716 INFO  [stdout] (default task-2) Hibernate: 
2025-12-02 00:09:01,717 INFO  [stdout] (default task-2)     select
2025-12-02 00:09:01,717 INFO  [stdout] (default task-2)         coordinate0_.id as id1_0_,
2025-12-02 00:09:01,718 INFO  [stdout] (default task-2)         coordinate0_.x as x2_0_,
2025-12-02 00:09:01,718 INFO  [stdout] (default task-2)         coordinate0_.y as y3_0_ 
2025-12-02 00:09:01,718 INFO  [stdout] (default task-2)     from
2025-12-02 00:09:01,718 INFO  [stdout] (default task-2)         coordinates coordinate0_
2025-12-02 00:09:29,506 INFO  [stdout] (default task-2) Hibernate: 
2025-12-02 00:09:29,506 INFO  [stdout] (default task-2)     insert 
2025-12-02 00:09:29,506 INFO  [stdout] (default task-2)     into
2025-12-02 00:09:29,506 INFO  [stdout] (default task-2)         coordinates
2025-12-02 00:09:29,506 INFO  [stdout] (default task-2)         (x, y) 
2025-12-02 00:09:29,506 INFO  [stdout] (default task-2)     values
2025-12-02 00:09:29,506 INFO  [stdout] (default task-2)         (?, ?)
2025-12-02 00:09:29,534 INFO  [stdout] (default task-2) Hibernate: 
2025-12-02 00:09:29,534 INFO  [stdout] (default task-2)     insert 
2025-12-02 00:09:29,534 INFO  [stdout] (default task-2)     into
2025-12-02 00:09:29,534 INFO  [stdout] (default task-2)         vehicles
2025-12-02 00:09:29,534 INFO  [stdout] (default task-2)         (capacity, coordinates_id, creation_date, distance_travelled, engine_power, fuel_consumption, fuel_type, name, number_of_wheels, vehicle_type) 
2025-12-02 00:09:29,534 INFO  [stdout] (default task-2)     values
2025-12-02 00:09:29,535 INFO  [stdout] (default task-2)         (?, ?, ?, ?, ?, ?, ?, ?, ?, ?)
2025-12-02 00:09:29,574 INFO  [stdout] (default task-2) Hibernate: 
2025-12-02 00:09:29,574 INFO  [stdout] (default task-2)     select
2025-12-02 00:09:29,574 INFO  [stdout] (default task-2)         vehicle0_.id as id1_3_,
2025-12-02 00:09:29,574 INFO  [stdout] (default task-2)         vehicle0_.capacity as capacity2_3_,
2025-12-02 00:09:29,574 INFO  [stdout] (default task-2)         vehicle0_.coordinates_id as coordin11_3_,
2025-12-02 00:09:29,574 INFO  [stdout] (default task-2)         vehicle0_.creation_date as creation3_3_,
2025-12-02 00:09:29,574 INFO  [stdout] (default task-2)         vehicle0_.distance_travelled as distance4_3_,
2025-12-02 00:09:29,574 INFO  [stdout] (default task-2)         vehicle0_.engine_power as engine_p5_3_,
2025-12-02 00:09:29,574 INFO  [stdout] (default task-2)         vehicle0_.fuel_consumption as fuel_con6_3_,
2025-12-02 00:09:29,574 INFO  [stdout] (default task-2)         vehicle0_.fuel_type as fuel_typ7_3_,
2025-12-02 00:09:29,574 INFO  [stdout] (default task-2)         vehicle0_.name as name8_3_,
2025-12-02 00:09:29,574 INFO  [stdout] (default task-2)         vehicle0_.number_of_wheels as number_o9_3_,
2025-12-02 00:09:29,574 INFO  [stdout] (default task-2)         vehicle0_.vehicle_type as vehicle10_3_ 
2025-12-02 00:09:29,574 INFO  [stdout] (default task-2)     from
2025-12-02 00:09:29,574 INFO  [stdout] (default task-2)         vehicles vehicle0_ limit ?
2025-12-02 00:09:29,579 INFO  [stdout] (default task-2) Hibernate: 
2025-12-02 00:09:29,579 INFO  [stdout] (default task-2)     select
2025-12-02 00:09:29,579 INFO  [stdout] (default task-2)         coordinate0_.id as id1_0_0_,
2025-12-02 00:09:29,579 INFO  [stdout] (default task-2)         coordinate0_.x as x2_0_0_,
2025-12-02 00:09:29,579 INFO  [stdout] (default task-2)         coordinate0_.y as y3_0_0_ 
2025-12-02 00:09:29,579 INFO  [stdout] (default task-2)     from
2025-12-02 00:09:29,579 INFO  [stdout] (default task-2)         coordinates coordinate0_ 
2025-12-02 00:09:29,579 INFO  [stdout] (default task-2)     where
2025-12-02 00:09:29,579 INFO  [stdout] (default task-2)         coordinate0_.id=?
2025-12-02 00:09:29,600 INFO  [stdout] (default task-2) Hibernate: 
2025-12-02 00:09:29,600 INFO  [stdout] (default task-2)     select
2025-12-02 00:09:29,600 INFO  [stdout] (default task-2)         count(vehicle0_.id) as col_0_0_ 
2025-12-02 00:09:29,600 INFO  [stdout] (default task-2)     from
2025-12-02 00:09:29,600 INFO  [stdout] (default task-2)         vehicles vehicle0_
2025-12-02 00:09:29,614 INFO  [stdout] (default task-2) Hibernate: 
2025-12-02 00:09:29,614 INFO  [stdout] (default task-2)     select
2025-12-02 00:09:29,614 INFO  [stdout] (default task-2)         coordinate0_.id as id1_0_,
2025-12-02 00:09:29,614 INFO  [stdout] (default task-2)         coordinate0_.x as x2_0_,
2025-12-02 00:09:29,614 INFO  [stdout] (default task-2)         coordinate0_.y as y3_0_ 
2025-12-02 00:09:29,615 INFO  [stdout] (default task-2)     from
2025-12-02 00:09:29,615 INFO  [stdout] (default task-2)         coordinates coordinate0_
2025-12-02 00:09:37,303 INFO  [org.springframework.web.socket.config.WebSocketMessageBrokerStats] (MessageBroker-1) WebSocketSession[0 current WS(0)-HttpStream(0)-HttpPoll(0), 0 total, 0 closed abnormally (0 connect failure, 0 send limit, 0 transport error)], stompSubProtocol[processed CONNECT(0)-CONNECTED(0)-DISCONNECT(0)], stompBrokerRelay[null], inboundChannel[pool size = 0, active threads = 0, queued tasks = 0, completed tasks = 0], outboundChannel[pool size = 0, active threads = 0, queued tasks = 0, completed tasks = 0], sockJsScheduler[pool size = 1, active threads = 1, queued tasks = 0, completed tasks = 0]
2025-12-02 00:09:41,631 INFO  [stdout] (default task-2) Hibernate: 
2025-12-02 00:09:41,632 INFO  [stdout] (default task-2)     select
2025-12-02 00:09:41,632 INFO  [stdout] (default task-2)         vehicle0_.id as id1_3_,
2025-12-02 00:09:41,632 INFO  [stdout] (default task-2)         vehicle0_.capacity as capacity2_3_,
2025-12-02 00:09:41,632 INFO  [stdout] (default task-2)         vehicle0_.coordinates_id as coordin11_3_,
2025-12-02 00:09:41,632 INFO  [stdout] (default task-2)         vehicle0_.creation_date as creation3_3_,
2025-12-02 00:09:41,632 INFO  [stdout] (default task-2)         vehicle0_.distance_travelled as distance4_3_,
2025-12-02 00:09:41,632 INFO  [stdout] (default task-2)         vehicle0_.engine_power as engine_p5_3_,
2025-12-02 00:09:41,632 INFO  [stdout] (default task-2)         vehicle0_.fuel_consumption as fuel_con6_3_,
2025-12-02 00:09:41,633 INFO  [stdout] (default task-2)         vehicle0_.fuel_type as fuel_typ7_3_,
2025-12-02 00:09:41,633 INFO  [stdout] (default task-2)         vehicle0_.name as name8_3_,
2025-12-02 00:09:41,633 INFO  [stdout] (default task-2)         vehicle0_.number_of_wheels as number_o9_3_,
2025-12-02 00:09:41,633 INFO  [stdout] (default task-2)         vehicle0_.vehicle_type as vehicle10_3_ 
2025-12-02 00:09:41,633 INFO  [stdout] (default task-2)     from
2025-12-02 00:09:41,633 INFO  [stdout] (default task-2)         vehicles vehicle0_ limit ?
2025-12-02 00:09:41,635 INFO  [stdout] (default task-2) Hibernate: 
2025-12-02 00:09:41,636 INFO  [stdout] (default task-2)     select
2025-12-02 00:09:41,636 INFO  [stdout] (default task-2)         coordinate0_.id as id1_0_0_,
2025-12-02 00:09:41,636 INFO  [stdout] (default task-2)         coordinate0_.x as x2_0_0_,
2025-12-02 00:09:41,636 INFO  [stdout] (default task-2)         coordinate0_.y as y3_0_0_ 
2025-12-02 00:09:41,636 INFO  [stdout] (default task-2)     from
2025-12-02 00:09:41,636 INFO  [stdout] (default task-2)         coordinates coordinate0_ 
2025-12-02 00:09:41,636 INFO  [stdout] (default task-2)     where
2025-12-02 00:09:41,636 INFO  [stdout] (default task-2)         coordinate0_.id=?
2025-12-02 00:09:41,657 INFO  [stdout] (default task-2) Hibernate: 
2025-12-02 00:09:41,657 INFO  [stdout] (default task-2)     select
2025-12-02 00:09:41,657 INFO  [stdout] (default task-2)         count(vehicle0_.id) as col_0_0_ 
2025-12-02 00:09:41,657 INFO  [stdout] (default task-2)     from
2025-12-02 00:09:41,657 INFO  [stdout] (default task-2)         vehicles vehicle0_
2025-12-02 00:09:41,675 INFO  [stdout] (default task-2) Hibernate: 
2025-12-02 00:09:41,675 INFO  [stdout] (default task-2)     select
2025-12-02 00:09:41,675 INFO  [stdout] (default task-2)         coordinate0_.id as id1_0_,
2025-12-02 00:09:41,675 INFO  [stdout] (default task-2)         coordinate0_.x as x2_0_,
2025-12-02 00:09:41,675 INFO  [stdout] (default task-2)         coordinate0_.y as y3_0_ 
2025-12-02 00:09:41,675 INFO  [stdout] (default task-2)     from
2025-12-02 00:09:41,675 INFO  [stdout] (default task-2)         coordinates coordinate0_
2025-12-02 00:09:48,322 INFO  [stdout] (default task-2) Hibernate: 
2025-12-02 00:09:48,322 INFO  [stdout] (default task-2)     select
2025-12-02 00:09:48,322 INFO  [stdout] (default task-2)         vehicle0_.id as id1_3_,
2025-12-02 00:09:48,322 INFO  [stdout] (default task-2)         vehicle0_.capacity as capacity2_3_,
2025-12-02 00:09:48,322 INFO  [stdout] (default task-2)         vehicle0_.coordinates_id as coordin11_3_,
2025-12-02 00:09:48,322 INFO  [stdout] (default task-2)         vehicle0_.creation_date as creation3_3_,
2025-12-02 00:09:48,322 INFO  [stdout] (default task-2)         vehicle0_.distance_travelled as distance4_3_,
2025-12-02 00:09:48,322 INFO  [stdout] (default task-2)         vehicle0_.engine_power as engine_p5_3_,
2025-12-02 00:09:48,322 INFO  [stdout] (default task-2)         vehicle0_.fuel_consumption as fuel_con6_3_,
2025-12-02 00:09:48,322 INFO  [stdout] (default task-2)         vehicle0_.fuel_type as fuel_typ7_3_,
2025-12-02 00:09:48,322 INFO  [stdout] (default task-2)         vehicle0_.name as name8_3_,
2025-12-02 00:09:48,322 INFO  [stdout] (default task-2)         vehicle0_.number_of_wheels as number_o9_3_,
2025-12-02 00:09:48,322 INFO  [stdout] (default task-2)         vehicle0_.vehicle_type as vehicle10_3_ 
2025-12-02 00:09:48,322 INFO  [stdout] (default task-2)     from
2025-12-02 00:09:48,322 INFO  [stdout] (default task-2)         vehicles vehicle0_ 
2025-12-02 00:09:48,322 INFO  [stdout] (default task-2)     where
2025-12-02 00:09:48,322 INFO  [stdout] (default task-2)         1=1 
2025-12-02 00:09:48,322 INFO  [stdout] (default task-2)         and (
2025-12-02 00:09:48,322 INFO  [stdout] (default task-2)             lower(vehicle0_.name) like lower(?)
2025-12-02 00:09:48,322 INFO  [stdout] (default task-2)         ) 
2025-12-02 00:09:48,322 INFO  [stdout] (default task-2)     order by
2025-12-02 00:09:48,323 INFO  [stdout] (default task-2)         vehicle0_.name ASC
2025-12-02 00:09:48,350 INFO  [stdout] (default task-2) Hibernate: 
2025-12-02 00:09:48,350 INFO  [stdout] (default task-2)     select
2025-12-02 00:09:48,350 INFO  [stdout] (default task-2)         coordinate0_.id as id1_0_,
2025-12-02 00:09:48,350 INFO  [stdout] (default task-2)         coordinate0_.x as x2_0_,
2025-12-02 00:09:48,350 INFO  [stdout] (default task-2)         coordinate0_.y as y3_0_ 
2025-12-02 00:09:48,351 INFO  [stdout] (default task-2)     from
2025-12-02 00:09:48,351 INFO  [stdout] (default task-2)         coordinates coordinate0_
2025-12-02 00:09:51,037 INFO  [stdout] (default task-2) Hibernate: 
2025-12-02 00:09:51,038 INFO  [stdout] (default task-2)     select
2025-12-02 00:09:51,038 INFO  [stdout] (default task-2)         vehicle0_.id as id1_3_,
2025-12-02 00:09:51,038 INFO  [stdout] (default task-2)         vehicle0_.capacity as capacity2_3_,
2025-12-02 00:09:51,038 INFO  [stdout] (default task-2)         vehicle0_.coordinates_id as coordin11_3_,
2025-12-02 00:09:51,038 INFO  [stdout] (default task-2)         vehicle0_.creation_date as creation3_3_,
2025-12-02 00:09:51,038 INFO  [stdout] (default task-2)         vehicle0_.distance_travelled as distance4_3_,
2025-12-02 00:09:51,038 INFO  [stdout] (default task-2)         vehicle0_.engine_power as engine_p5_3_,
2025-12-02 00:09:51,038 INFO  [stdout] (default task-2)         vehicle0_.fuel_consumption as fuel_con6_3_,
2025-12-02 00:09:51,038 INFO  [stdout] (default task-2)         vehicle0_.fuel_type as fuel_typ7_3_,
2025-12-02 00:09:51,038 INFO  [stdout] (default task-2)         vehicle0_.name as name8_3_,
2025-12-02 00:09:51,039 INFO  [stdout] (default task-2)         vehicle0_.number_of_wheels as number_o9_3_,
2025-12-02 00:09:51,039 INFO  [stdout] (default task-2)         vehicle0_.vehicle_type as vehicle10_3_ 
2025-12-02 00:09:51,039 INFO  [stdout] (default task-2)     from
2025-12-02 00:09:51,039 INFO  [stdout] (default task-2)         vehicles vehicle0_ 
2025-12-02 00:09:51,039 INFO  [stdout] (default task-2)     where
2025-12-02 00:09:51,039 INFO  [stdout] (default task-2)         1=1 
2025-12-02 00:09:51,039 INFO  [stdout] (default task-2)         and (
2025-12-02 00:09:51,039 INFO  [stdout] (default task-2)             lower(vehicle0_.name) like lower(?)
2025-12-02 00:09:51,039 INFO  [stdout] (default task-2)         ) 
2025-12-02 00:09:51,039 INFO  [stdout] (default task-2)     order by
2025-12-02 00:09:51,039 INFO  [stdout] (default task-2)         vehicle0_.name ASC
2025-12-02 00:09:51,043 INFO  [stdout] (default task-2) Hibernate: 
2025-12-02 00:09:51,043 INFO  [stdout] (default task-2)     select
2025-12-02 00:09:51,043 INFO  [stdout] (default task-2)         coordinate0_.id as id1_0_0_,
2025-12-02 00:09:51,043 INFO  [stdout] (default task-2)         coordinate0_.x as x2_0_0_,
2025-12-02 00:09:51,043 INFO  [stdout] (default task-2)         coordinate0_.y as y3_0_0_ 
2025-12-02 00:09:51,043 INFO  [stdout] (default task-2)     from
2025-12-02 00:09:51,043 INFO  [stdout] (default task-2)         coordinates coordinate0_ 
2025-12-02 00:09:51,043 INFO  [stdout] (default task-2)     where
2025-12-02 00:09:51,043 INFO  [stdout] (default task-2)         coordinate0_.id=?
2025-12-02 00:09:51,070 INFO  [stdout] (default task-2) Hibernate: 
2025-12-02 00:09:51,070 INFO  [stdout] (default task-2)     select
2025-12-02 00:09:51,070 INFO  [stdout] (default task-2)         coordinate0_.id as id1_0_,
2025-12-02 00:09:51,070 INFO  [stdout] (default task-2)         coordinate0_.x as x2_0_,
2025-12-02 00:09:51,070 INFO  [stdout] (default task-2)         coordinate0_.y as y3_0_ 
2025-12-02 00:09:51,070 INFO  [stdout] (default task-2)     from
2025-12-02 00:09:51,070 INFO  [stdout] (default task-2)         coordinates coordinate0_
2025-12-02 00:09:54,126 INFO  [stdout] (default task-2) Hibernate: 
2025-12-02 00:09:54,126 INFO  [stdout] (default task-2)     select
2025-12-02 00:09:54,126 INFO  [stdout] (default task-2)         vehicle0_.id as id1_3_,
2025-12-02 00:09:54,126 INFO  [stdout] (default task-2)         vehicle0_.capacity as capacity2_3_,
2025-12-02 00:09:54,126 INFO  [stdout] (default task-2)         vehicle0_.coordinates_id as coordin11_3_,
2025-12-02 00:09:54,126 INFO  [stdout] (default task-2)         vehicle0_.creation_date as creation3_3_,
2025-12-02 00:09:54,126 INFO  [stdout] (default task-2)         vehicle0_.distance_travelled as distance4_3_,
2025-12-02 00:09:54,126 INFO  [stdout] (default task-2)         vehicle0_.engine_power as engine_p5_3_,
2025-12-02 00:09:54,127 INFO  [stdout] (default task-2)         vehicle0_.fuel_consumption as fuel_con6_3_,
2025-12-02 00:09:54,127 INFO  [stdout] (default task-2)         vehicle0_.fuel_type as fuel_typ7_3_,
2025-12-02 00:09:54,127 INFO  [stdout] (default task-2)         vehicle0_.name as name8_3_,
2025-12-02 00:09:54,127 INFO  [stdout] (default task-2)         vehicle0_.number_of_wheels as number_o9_3_,
2025-12-02 00:09:54,127 INFO  [stdout] (default task-2)         vehicle0_.vehicle_type as vehicle10_3_ 
2025-12-02 00:09:54,127 INFO  [stdout] (default task-2)     from
2025-12-02 00:09:54,127 INFO  [stdout] (default task-2)         vehicles vehicle0_ 
2025-12-02 00:09:54,127 INFO  [stdout] (default task-2)     where
2025-12-02 00:09:54,127 INFO  [stdout] (default task-2)         1=1 
2025-12-02 00:09:54,127 INFO  [stdout] (default task-2)         and (
2025-12-02 00:09:54,127 INFO  [stdout] (default task-2)             lower(vehicle0_.name) like lower(?)
2025-12-02 00:09:54,127 INFO  [stdout] (default task-2)         ) 
2025-12-02 00:09:54,127 INFO  [stdout] (default task-2)     order by
2025-12-02 00:09:54,127 INFO  [stdout] (default task-2)         vehicle0_.name ASC
2025-12-02 00:09:54,130 INFO  [stdout] (default task-2) Hibernate: 
2025-12-02 00:09:54,130 INFO  [stdout] (default task-2)     select
2025-12-02 00:09:54,130 INFO  [stdout] (default task-2)         coordinate0_.id as id1_0_0_,
2025-12-02 00:09:54,130 INFO  [stdout] (default task-2)         coordinate0_.x as x2_0_0_,
2025-12-02 00:09:54,130 INFO  [stdout] (default task-2)         coordinate0_.y as y3_0_0_ 
2025-12-02 00:09:54,130 INFO  [stdout] (default task-2)     from
2025-12-02 00:09:54,130 INFO  [stdout] (default task-2)         coordinates coordinate0_ 
2025-12-02 00:09:54,130 INFO  [stdout] (default task-2)     where
2025-12-02 00:09:54,130 INFO  [stdout] (default task-2)         coordinate0_.id=?
2025-12-02 00:09:54,159 INFO  [stdout] (default task-2) Hibernate: 
2025-12-02 00:09:54,159 INFO  [stdout] (default task-2)     select
2025-12-02 00:09:54,159 INFO  [stdout] (default task-2)         coordinate0_.id as id1_0_,
2025-12-02 00:09:54,159 INFO  [stdout] (default task-2)         coordinate0_.x as x2_0_,
2025-12-02 00:09:54,159 INFO  [stdout] (default task-2)         coordinate0_.y as y3_0_ 
2025-12-02 00:09:54,159 INFO  [stdout] (default task-2)     from
2025-12-02 00:09:54,159 INFO  [stdout] (default task-2)         coordinates coordinate0_
2025-12-02 00:10:05,297 INFO  [stdout] (default task-2) Hibernate: 
2025-12-02 00:10:05,298 INFO  [stdout] (default task-2)     select
2025-12-02 00:10:05,298 INFO  [stdout] (default task-2)         vehicle0_.id as id1_3_,
2025-12-02 00:10:05,298 INFO  [stdout] (default task-2)         vehicle0_.capacity as capacity2_3_,
2025-12-02 00:10:05,298 INFO  [stdout] (default task-2)         vehicle0_.coordinates_id as coordin11_3_,
2025-12-02 00:10:05,298 INFO  [stdout] (default task-2)         vehicle0_.creation_date as creation3_3_,
2025-12-02 00:10:05,298 INFO  [stdout] (default task-2)         vehicle0_.distance_travelled as distance4_3_,
2025-12-02 00:10:05,298 INFO  [stdout] (default task-2)         vehicle0_.engine_power as engine_p5_3_,
2025-12-02 00:10:05,298 INFO  [stdout] (default task-2)         vehicle0_.fuel_consumption as fuel_con6_3_,
2025-12-02 00:10:05,298 INFO  [stdout] (default task-2)         vehicle0_.fuel_type as fuel_typ7_3_,
2025-12-02 00:10:05,298 INFO  [stdout] (default task-2)         vehicle0_.name as name8_3_,
2025-12-02 00:10:05,298 INFO  [stdout] (default task-2)         vehicle0_.number_of_wheels as number_o9_3_,
2025-12-02 00:10:05,298 INFO  [stdout] (default task-2)         vehicle0_.vehicle_type as vehicle10_3_ 
2025-12-02 00:10:05,298 INFO  [stdout] (default task-2)     from
2025-12-02 00:10:05,298 INFO  [stdout] (default task-2)         vehicles vehicle0_ 
2025-12-02 00:10:05,298 INFO  [stdout] (default task-2)     where
2025-12-02 00:10:05,298 INFO  [stdout] (default task-2)         vehicle0_.name like ?
2025-12-02 00:10:05,301 INFO  [stdout] (default task-2) Hibernate: 
2025-12-02 00:10:05,301 INFO  [stdout] (default task-2)     select
2025-12-02 00:10:05,301 INFO  [stdout] (default task-2)         coordinate0_.id as id1_0_0_,
2025-12-02 00:10:05,301 INFO  [stdout] (default task-2)         coordinate0_.x as x2_0_0_,
2025-12-02 00:10:05,301 INFO  [stdout] (default task-2)         coordinate0_.y as y3_0_0_ 
2025-12-02 00:10:05,301 INFO  [stdout] (default task-2)     from
2025-12-02 00:10:05,301 INFO  [stdout] (default task-2)         coordinates coordinate0_ 
2025-12-02 00:10:05,301 INFO  [stdout] (default task-2)     where
2025-12-02 00:10:05,301 INFO  [stdout] (default task-2)         coordinate0_.id=?
2025-12-02 00:10:14,331 INFO  [stdout] (default task-2) Hibernate: 
2025-12-02 00:10:14,331 INFO  [stdout] (default task-2)     select
2025-12-02 00:10:14,331 INFO  [stdout] (default task-2)         vehicle0_.id as id1_3_0_,
2025-12-02 00:10:14,331 INFO  [stdout] (default task-2)         vehicle0_.capacity as capacity2_3_0_,
2025-12-02 00:10:14,332 INFO  [stdout] (default task-2)         vehicle0_.coordinates_id as coordin11_3_0_,
2025-12-02 00:10:14,332 INFO  [stdout] (default task-2)         vehicle0_.creation_date as creation3_3_0_,
2025-12-02 00:10:14,332 INFO  [stdout] (default task-2)         vehicle0_.distance_travelled as distance4_3_0_,
2025-12-02 00:10:14,332 INFO  [stdout] (default task-2)         vehicle0_.engine_power as engine_p5_3_0_,
2025-12-02 00:10:14,332 INFO  [stdout] (default task-2)         vehicle0_.fuel_consumption as fuel_con6_3_0_,
2025-12-02 00:10:14,332 INFO  [stdout] (default task-2)         vehicle0_.fuel_type as fuel_typ7_3_0_,
2025-12-02 00:10:14,332 INFO  [stdout] (default task-2)         vehicle0_.name as name8_3_0_,
2025-12-02 00:10:14,332 INFO  [stdout] (default task-2)         vehicle0_.number_of_wheels as number_o9_3_0_,
2025-12-02 00:10:14,332 INFO  [stdout] (default task-2)         vehicle0_.vehicle_type as vehicle10_3_0_,
2025-12-02 00:10:14,332 INFO  [stdout] (default task-2)         coordinate1_.id as id1_0_1_,
2025-12-02 00:10:14,332 INFO  [stdout] (default task-2)         coordinate1_.x as x2_0_1_,
2025-12-02 00:10:14,332 INFO  [stdout] (default task-2)         coordinate1_.y as y3_0_1_ 
2025-12-02 00:10:14,332 INFO  [stdout] (default task-2)     from
2025-12-02 00:10:14,332 INFO  [stdout] (default task-2)         vehicles vehicle0_ 
2025-12-02 00:10:14,332 INFO  [stdout] (default task-2)     inner join
2025-12-02 00:10:14,332 INFO  [stdout] (default task-2)         coordinates coordinate1_ 
2025-12-02 00:10:14,332 INFO  [stdout] (default task-2)             on vehicle0_.coordinates_id=coordinate1_.id 
2025-12-02 00:10:14,332 INFO  [stdout] (default task-2)     where
2025-12-02 00:10:14,332 INFO  [stdout] (default task-2)         vehicle0_.id=?
2025-12-02 00:10:14,350 INFO  [stdout] (default task-2) Hibernate: 
2025-12-02 00:10:14,350 INFO  [stdout] (default task-2)     update
2025-12-02 00:10:14,350 INFO  [stdout] (default task-2)         vehicles 
2025-12-02 00:10:14,350 INFO  [stdout] (default task-2)     set
2025-12-02 00:10:14,350 INFO  [stdout] (default task-2)         capacity=?,
2025-12-02 00:10:14,350 INFO  [stdout] (default task-2)         coordinates_id=?,
2025-12-02 00:10:14,350 INFO  [stdout] (default task-2)         distance_travelled=?,
2025-12-02 00:10:14,350 INFO  [stdout] (default task-2)         engine_power=?,
2025-12-02 00:10:14,350 INFO  [stdout] (default task-2)         fuel_consumption=?,
2025-12-02 00:10:14,350 INFO  [stdout] (default task-2)         fuel_type=?,
2025-12-02 00:10:14,350 INFO  [stdout] (default task-2)         name=?,
2025-12-02 00:10:14,351 INFO  [stdout] (default task-2)         number_of_wheels=?,
2025-12-02 00:10:14,351 INFO  [stdout] (default task-2)         vehicle_type=? 
2025-12-02 00:10:14,351 INFO  [stdout] (default task-2)     where
2025-12-02 00:10:14,351 INFO  [stdout] (default task-2)         id=?
2025-12-02 00:10:17,605 INFO  [stdout] (default task-2) Hibernate: 
2025-12-02 00:10:17,605 INFO  [stdout] (default task-2)     select
2025-12-02 00:10:17,606 INFO  [stdout] (default task-2)         vehicle0_.id as id1_3_,
2025-12-02 00:10:17,606 INFO  [stdout] (default task-2)         vehicle0_.capacity as capacity2_3_,
2025-12-02 00:10:17,606 INFO  [stdout] (default task-2)         vehicle0_.coordinates_id as coordin11_3_,
2025-12-02 00:10:17,606 INFO  [stdout] (default task-2)         vehicle0_.creation_date as creation3_3_,
2025-12-02 00:10:17,606 INFO  [stdout] (default task-2)         vehicle0_.distance_travelled as distance4_3_,
2025-12-02 00:10:17,606 INFO  [stdout] (default task-2)         vehicle0_.engine_power as engine_p5_3_,
2025-12-02 00:10:17,606 INFO  [stdout] (default task-2)         vehicle0_.fuel_consumption as fuel_con6_3_,
2025-12-02 00:10:17,606 INFO  [stdout] (default task-2)         vehicle0_.fuel_type as fuel_typ7_3_,
2025-12-02 00:10:17,606 INFO  [stdout] (default task-2)         vehicle0_.name as name8_3_,
2025-12-02 00:10:17,606 INFO  [stdout] (default task-2)         vehicle0_.number_of_wheels as number_o9_3_,
2025-12-02 00:10:17,606 INFO  [stdout] (default task-2)         vehicle0_.vehicle_type as vehicle10_3_ 
2025-12-02 00:10:17,606 INFO  [stdout] (default task-2)     from
2025-12-02 00:10:17,606 INFO  [stdout] (default task-2)         vehicles vehicle0_ limit ?
2025-12-02 00:10:17,609 INFO  [stdout] (default task-2) Hibernate: 
2025-12-02 00:10:17,609 INFO  [stdout] (default task-2)     select
2025-12-02 00:10:17,609 INFO  [stdout] (default task-2)         coordinate0_.id as id1_0_0_,
2025-12-02 00:10:17,609 INFO  [stdout] (default task-2)         coordinate0_.x as x2_0_0_,
2025-12-02 00:10:17,609 INFO  [stdout] (default task-2)         coordinate0_.y as y3_0_0_ 
2025-12-02 00:10:17,609 INFO  [stdout] (default task-2)     from
2025-12-02 00:10:17,609 INFO  [stdout] (default task-2)         coordinates coordinate0_ 
2025-12-02 00:10:17,609 INFO  [stdout] (default task-2)     where
2025-12-02 00:10:17,609 INFO  [stdout] (default task-2)         coordinate0_.id=?
2025-12-02 00:10:17,634 INFO  [stdout] (default task-2) Hibernate: 
2025-12-02 00:10:17,635 INFO  [stdout] (default task-2)     select
2025-12-02 00:10:17,635 INFO  [stdout] (default task-2)         count(vehicle0_.id) as col_0_0_ 
2025-12-02 00:10:17,635 INFO  [stdout] (default task-2)     from
2025-12-02 00:10:17,635 INFO  [stdout] (default task-2)         vehicles vehicle0_
2025-12-02 00:10:17,655 INFO  [stdout] (default task-2) Hibernate: 
2025-12-02 00:10:17,656 INFO  [stdout] (default task-2)     select
2025-12-02 00:10:17,656 INFO  [stdout] (default task-2)         coordinate0_.id as id1_0_,
2025-12-02 00:10:17,656 INFO  [stdout] (default task-2)         coordinate0_.x as x2_0_,
2025-12-02 00:10:17,656 INFO  [stdout] (default task-2)         coordinate0_.y as y3_0_ 
2025-12-02 00:10:17,656 INFO  [stdout] (default task-2)     from
2025-12-02 00:10:17,656 INFO  [stdout] (default task-2)         coordinates coordinate0_
2025-12-02 00:10:27,849 INFO  [stdout] (default task-2) Hibernate: 
2025-12-02 00:10:27,850 INFO  [stdout] (default task-2)     select
2025-12-02 00:10:27,850 INFO  [stdout] (default task-2)         vehicle0_.id as id1_3_,
2025-12-02 00:10:27,850 INFO  [stdout] (default task-2)         vehicle0_.capacity as capacity2_3_,
2025-12-02 00:10:27,850 INFO  [stdout] (default task-2)         vehicle0_.coordinates_id as coordin11_3_,
2025-12-02 00:10:27,850 INFO  [stdout] (default task-2)         vehicle0_.creation_date as creation3_3_,
2025-12-02 00:10:27,850 INFO  [stdout] (default task-2)         vehicle0_.distance_travelled as distance4_3_,
2025-12-02 00:10:27,850 INFO  [stdout] (default task-2)         vehicle0_.engine_power as engine_p5_3_,
2025-12-02 00:10:27,850 INFO  [stdout] (default task-2)         vehicle0_.fuel_consumption as fuel_con6_3_,
2025-12-02 00:10:27,850 INFO  [stdout] (default task-2)         vehicle0_.fuel_type as fuel_typ7_3_,
2025-12-02 00:10:27,850 INFO  [stdout] (default task-2)         vehicle0_.name as name8_3_,
2025-12-02 00:10:27,850 INFO  [stdout] (default task-2)         vehicle0_.number_of_wheels as number_o9_3_,
2025-12-02 00:10:27,850 INFO  [stdout] (default task-2)         vehicle0_.vehicle_type as vehicle10_3_ 
2025-12-02 00:10:27,850 INFO  [stdout] (default task-2)     from
2025-12-02 00:10:27,850 INFO  [stdout] (default task-2)         vehicles vehicle0_ limit ?
2025-12-02 00:10:27,855 INFO  [stdout] (default task-2) Hibernate: 
2025-12-02 00:10:27,855 INFO  [stdout] (default task-2)     select
2025-12-02 00:10:27,855 INFO  [stdout] (default task-2)         coordinate0_.id as id1_0_0_,
2025-12-02 00:10:27,855 INFO  [stdout] (default task-2)         coordinate0_.x as x2_0_0_,
2025-12-02 00:10:27,855 INFO  [stdout] (default task-2)         coordinate0_.y as y3_0_0_ 
2025-12-02 00:10:27,855 INFO  [stdout] (default task-2)     from
2025-12-02 00:10:27,855 INFO  [stdout] (default task-2)         coordinates coordinate0_ 
2025-12-02 00:10:27,855 INFO  [stdout] (default task-2)     where
2025-12-02 00:10:27,855 INFO  [stdout] (default task-2)         coordinate0_.id=?
2025-12-02 00:10:27,886 INFO  [stdout] (default task-2) Hibernate: 
2025-12-02 00:10:27,886 INFO  [stdout] (default task-2)     select
2025-12-02 00:10:27,886 INFO  [stdout] (default task-2)         count(vehicle0_.id) as col_0_0_ 
2025-12-02 00:10:27,886 INFO  [stdout] (default task-2)     from
2025-12-02 00:10:27,886 INFO  [stdout] (default task-2)         vehicles vehicle0_
2025-12-02 00:10:27,903 INFO  [stdout] (default task-2) Hibernate: 
2025-12-02 00:10:27,904 INFO  [stdout] (default task-2)     select
2025-12-02 00:10:27,904 INFO  [stdout] (default task-2)         coordinate0_.id as id1_0_,
2025-12-02 00:10:27,904 INFO  [stdout] (default task-2)         coordinate0_.x as x2_0_,
2025-12-02 00:10:27,904 INFO  [stdout] (default task-2)         coordinate0_.y as y3_0_ 
2025-12-02 00:10:27,904 INFO  [stdout] (default task-2)     from
2025-12-02 00:10:27,904 INFO  [stdout] (default task-2)         coordinates coordinate0_
2025-12-02 00:11:47,965 INFO  [org.jboss.as.connector.deployers.jdbc] (MSC service thread 1-5) WFLYJCA0019: Stopped Driver service with driver-name = vehiclemanager.war_org.postgresql.Driver_42_7
2025-12-02 00:11:47,969 INFO  [org.wildfly.extension.undertow] (ServerService Thread Pool -- 90) WFLYUT0022: Unregistered web context: '/vehiclemanager' from server 'default-server'
2025-12-02 00:11:47,971 INFO  [io.undertow.servlet] (ServerService Thread Pool -- 90) Destroying Spring FrameworkServlet 'dispatcher'
2025-12-02 00:11:47,976 INFO  [org.springframework.messaging.simp.broker.SimpleBrokerMessageHandler] (ServerService Thread Pool -- 90) Stopping...
2025-12-02 00:11:47,976 INFO  [org.springframework.messaging.simp.broker.SimpleBrokerMessageHandler] (ServerService Thread Pool -- 90) BrokerAvailabilityEvent[available=false, SimpleBrokerMessageHandler [org.springframework.messaging.simp.broker.DefaultSubscriptionRegistry@2c320fa9]]
2025-12-02 00:11:47,976 INFO  [org.springframework.messaging.simp.broker.SimpleBrokerMessageHandler] (ServerService Thread Pool -- 90) Stopped.
2025-12-02 00:11:47,977 INFO  [org.springframework.orm.jpa.LocalContainerEntityManagerFactoryBean] (ServerService Thread Pool -- 90) Closing JPA EntityManagerFactory for persistence unit 'default'
2025-12-02 00:11:47,983 INFO  [io.undertow.servlet] (ServerService Thread Pool -- 90) Closing Spring root WebApplicationContext
2025-12-02 00:11:47,984 INFO  [org.springframework.orm.jpa.LocalContainerEntityManagerFactoryBean] (ServerService Thread Pool -- 90) Closing JPA EntityManagerFactory for persistence unit 'default'
2025-12-02 00:11:48,031 INFO  [org.jboss.as.server.deployment] (MSC service thread 1-2) WFLYSRV0028: Stopped deployment vehiclemanager.war (runtime-name: vehiclemanager.war) in 71ms
2025-12-02 00:11:48,059 INFO  [org.jboss.as.repository] (DeploymentScanner-threads - 2) WFLYDR0002: Content removed from location /Users/nokia208dualsim/IdeaProjects/is-lab1/wildfly-25.0.1.Final/standalone/data/content/6d/15970e4c515ee518459aad60116774737c1f47/content
2025-12-02 00:11:48,059 INFO  [org.jboss.as.server] (DeploymentScanner-threads - 2) WFLYSRV0009: Undeployed "vehiclemanager.war" (runtime-name: "vehiclemanager.war")
2025-12-02 00:11:53,148 INFO  [org.jboss.as.repository] (DeploymentScanner-threads - 2) WFLYDR0001: Content added at location /Users/nokia208dualsim/IdeaProjects/is-lab1/wildfly-25.0.1.Final/standalone/data/content/96/e69dbd6e59e9401ad81ad013e39373ebb44855/content
2025-12-02 00:11:53,151 INFO  [org.jboss.as.server.deployment] (MSC service thread 1-6) WFLYSRV0027: Starting deployment of "vehiclemanager.war" (runtime-name: "vehiclemanager.war")
2025-12-02 00:11:54,454 WARN  [org.jboss.as.ee] (MSC service thread 1-8) WFLYEE0007: Not installing optional component org.springframework.http.server.reactive.ServletServerHttpRequest$RequestAsyncListener due to an exception (enable DEBUG log level to see the cause)
2025-12-02 00:11:54,455 WARN  [org.jboss.as.ee] (MSC service thread 1-8) WFLYEE0007: Not installing optional component org.springframework.http.server.ServletServerHttpAsyncRequestControl due to an exception (enable DEBUG log level to see the cause)
2025-12-02 00:11:54,455 WARN  [org.jboss.as.ee] (MSC service thread 1-8) WFLYEE0007: Not installing optional component org.springframework.web.context.request.async.StandardServletAsyncWebRequest due to an exception (enable DEBUG log level to see the cause)
2025-12-02 00:11:54,455 WARN  [org.jboss.as.ee] (MSC service thread 1-8) WFLYEE0007: Not installing optional component org.springframework.http.server.reactive.ServletHttpHandlerAdapter$HttpHandlerAsyncListener due to an exception (enable DEBUG log level to see the cause)
2025-12-02 00:11:54,458 WARN  [org.jboss.as.ee] (MSC service thread 1-8) WFLYEE0007: Not installing optional component org.springframework.http.server.reactive.ServletServerHttpResponse$ResponseAsyncListener due to an exception (enable DEBUG log level to see the cause)
2025-12-02 00:11:54,467 INFO  [org.jboss.as.connector.deployers.jdbc] (MSC service thread 1-8) WFLYJCA0005: Deploying non-JDBC-compliant driver class org.postgresql.Driver (version 42.7)
2025-12-02 00:11:54,468 WARN  [org.jboss.weld.deployer] (MSC service thread 1-8) WFLYWELD0013: Deployment vehiclemanager.war contains Jakarta Contexts and Dependency Injection annotations but no bean archive was found (no beans.xml or class with bean defining annotations was present).
2025-12-02 00:11:54,473 INFO  [org.jboss.as.connector.deployers.jdbc] (MSC service thread 1-6) WFLYJCA0018: Started Driver service with driver-name = vehiclemanager.war_org.postgresql.Driver_42_7
2025-12-02 00:11:54,473 WARN  [org.jboss.as.server.deployment] (MSC service thread 1-4) WFLYSRV0274: Excluded dependency org.jboss.as.jsf via jboss-deployment-structure.xml does not exist.
2025-12-02 00:11:54,473 WARN  [org.jboss.as.server.deployment] (MSC service thread 1-4) WFLYSRV0274: Excluded dependency javax.faces.api via jboss-deployment-structure.xml does not exist.
2025-12-02 00:11:54,473 WARN  [org.jboss.as.server.deployment] (MSC service thread 1-4) WFLYSRV0274: Excluded dependency com.sun.jsf-impl via jboss-deployment-structure.xml does not exist.
2025-12-02 00:11:54,480 INFO  [io.undertow.servlet] (ServerService Thread Pool -- 116) 1 Spring WebApplicationInitializers detected on classpath
2025-12-02 00:11:54,488 INFO  [io.undertow.servlet] (ServerService Thread Pool -- 116) Initializing Spring root WebApplicationContext
2025-12-02 00:11:54,488 INFO  [org.springframework.web.context.ContextLoader] (ServerService Thread Pool -- 116) Root WebApplicationContext: initialization started
2025-12-02 00:11:54,693 INFO  [org.hibernate.jpa.internal.util.LogHelper] (ServerService Thread Pool -- 116) HHH000204: Processing PersistenceUnitInfo [name: default]
2025-12-02 00:11:54,707 INFO  [org.hibernate.Version] (ServerService Thread Pool -- 116) HHH000412: Hibernate ORM core version 5.6.15.Final
2025-12-02 00:11:54,757 INFO  [org.hibernate.annotations.common.Version] (ServerService Thread Pool -- 116) HCANN000001: Hibernate Commons Annotations {5.1.2.Final}
2025-12-02 00:11:54,857 INFO  [org.hibernate.dialect.Dialect] (ServerService Thread Pool -- 116) HHH000400: Using dialect: org.hibernate.dialect.PostgreSQLDialect
2025-12-02 00:11:54,870 INFO  [org.hibernate.orm.beans] (ServerService Thread Pool -- 116) HHH10005002: No explicit CDI BeanManager reference was passed to Hibernate, but CDI is available on the Hibernate ClassLoader.
2025-12-02 00:11:55,113 INFO  [stdout] (ServerService Thread Pool -- 116) Hibernate: 
2025-12-02 00:11:55,113 INFO  [stdout] (ServerService Thread Pool -- 116)     
2025-12-02 00:11:55,113 INFO  [stdout] (ServerService Thread Pool -- 116)     alter table flats 
2025-12-02 00:11:55,113 INFO  [stdout] (ServerService Thread Pool -- 116)        add column time_to_metro float8 not null check(time_to_metro>=1)
2025-12-02 00:11:55,117 WARN  [org.hibernate.tool.schema.internal.ExceptionHandlerLoggedImpl] (ServerService Thread Pool -- 116) GenerationTarget encountered exception accepting command : Error executing DDL "
    alter table flats 
       add column time_to_metro float8 not null check(time_to_metro>=1)" via JDBC Statement: org.hibernate.tool.schema.spi.CommandAcceptanceException: Error executing DDL "
    alter table flats 
       add column time_to_metro float8 not null check(time_to_metro>=1)" via JDBC Statement
	at deployment.vehiclemanager.war//org.hibernate.tool.schema.internal.exec.GenerationTargetToDatabase.accept(GenerationTargetToDatabase.java:67)
	at deployment.vehiclemanager.war//org.hibernate.tool.schema.internal.AbstractSchemaMigrator.applySqlString(AbstractSchemaMigrator.java:581)
	at deployment.vehiclemanager.war//org.hibernate.tool.schema.internal.AbstractSchemaMigrator.applySqlStrings(AbstractSchemaMigrator.java:602)
	at deployment.vehiclemanager.war//org.hibernate.tool.schema.internal.AbstractSchemaMigrator.migrateTable(AbstractSchemaMigrator.java:314)
	at deployment.vehiclemanager.war//org.hibernate.tool.schema.internal.GroupedSchemaMigratorImpl.performTablesMigration(GroupedSchemaMigratorImpl.java:78)
	at deployment.vehiclemanager.war//org.hibernate.tool.schema.internal.AbstractSchemaMigrator.performMigration(AbstractSchemaMigrator.java:220)
	at deployment.vehiclemanager.war//org.hibernate.tool.schema.internal.AbstractSchemaMigrator.doMigration(AbstractSchemaMigrator.java:123)
	at deployment.vehiclemanager.war//org.hibernate.tool.schema.spi.SchemaManagementToolCoordinator.performDatabaseAction(SchemaManagementToolCoordinator.java:196)
	at deployment.vehiclemanager.war//org.hibernate.tool.schema.spi.SchemaManagementToolCoordinator.process(SchemaManagementToolCoordinator.java:85)
	at deployment.vehiclemanager.war//org.hibernate.internal.SessionFactoryImpl.<init>(SessionFactoryImpl.java:335)
	at deployment.vehiclemanager.war//org.hibernate.boot.internal.SessionFactoryBuilderImpl.build(SessionFactoryBuilderImpl.java:471)
	at deployment.vehiclemanager.war//org.hibernate.jpa.boot.internal.EntityManagerFactoryBuilderImpl.build(EntityManagerFactoryBuilderImpl.java:1498)
	at deployment.vehiclemanager.war//org.springframework.orm.jpa.vendor.SpringHibernateJpaPersistenceProvider.createContainerEntityManagerFactory(SpringHibernateJpaPersistenceProvider.java:58)
	at deployment.vehiclemanager.war//org.springframework.orm.jpa.LocalContainerEntityManagerFactoryBean.createNativeEntityManagerFactory(LocalContainerEntityManagerFactoryBean.java:365)
	at deployment.vehiclemanager.war//org.springframework.orm.jpa.AbstractEntityManagerFactoryBean.buildNativeEntityManagerFactory(AbstractEntityManagerFactoryBean.java:409)
	at deployment.vehiclemanager.war//org.springframework.orm.jpa.AbstractEntityManagerFactoryBean.afterPropertiesSet(AbstractEntityManagerFactoryBean.java:396)
	at deployment.vehiclemanager.war//org.springframework.orm.jpa.LocalContainerEntityManagerFactoryBean.afterPropertiesSet(LocalContainerEntityManagerFactoryBean.java:341)
	at deployment.vehiclemanager.war//org.springframework.beans.factory.support.AbstractAutowireCapableBeanFactory.invokeInitMethods(AbstractAutowireCapableBeanFactory.java:1863)
	at deployment.vehiclemanager.war//org.springframework.beans.factory.support.AbstractAutowireCapableBeanFactory.initializeBean(AbstractAutowireCapableBeanFactory.java:1800)
	at deployment.vehiclemanager.war//org.springframework.beans.factory.support.AbstractAutowireCapableBeanFactory.doCreateBean(AbstractAutowireCapableBeanFactory.java:620)
	at deployment.vehiclemanager.war//org.springframework.beans.factory.support.AbstractAutowireCapableBeanFactory.createBean(AbstractAutowireCapableBeanFactory.java:542)
	at deployment.vehiclemanager.war//org.springframework.beans.factory.support.AbstractBeanFactory.lambda$doGetBean$0(AbstractBeanFactory.java:335)
	at deployment.vehiclemanager.war//org.springframework.beans.factory.support.DefaultSingletonBeanRegistry.getSingleton(DefaultSingletonBeanRegistry.java:234)
	at deployment.vehiclemanager.war//org.springframework.beans.factory.support.AbstractBeanFactory.doGetBean(AbstractBeanFactory.java:333)
	at deployment.vehiclemanager.war//org.springframework.beans.factory.support.AbstractBeanFactory.getBean(AbstractBeanFactory.java:208)
	at deployment.vehiclemanager.war//org.springframework.context.support.AbstractApplicationContext.getBean(AbstractApplicationContext.java:1154)
	at deployment.vehiclemanager.war//org.springframework.context.support.AbstractApplicationContext.finishBeanFactoryInitialization(AbstractApplicationContext.java:908)
	at deployment.vehiclemanager.war//org.springframework.context.support.AbstractApplicationContext.refresh(AbstractApplicationContext.java:583)
	at deployment.vehiclemanager.war//org.springframework.web.context.ContextLoader.configureAndRefreshWebApplicationContext(ContextLoader.java:401)
	at deployment.vehiclemanager.war//org.springframework.web.context.ContextLoader.initWebApplicationContext(ContextLoader.java:292)
	at deployment.vehiclemanager.war//org.springframework.web.context.ContextLoaderListener.contextInitialized(ContextLoaderListener.java:103)
	at io.undertow.servlet@2.2.12.Final//io.undertow.servlet.core.ApplicationListeners.contextInitialized(ApplicationListeners.java:187)
	at io.undertow.servlet@2.2.12.Final//io.undertow.servlet.core.DeploymentManagerImpl$1.call(DeploymentManagerImpl.java:219)
	at io.undertow.servlet@2.2.12.Final//io.undertow.servlet.core.DeploymentManagerImpl$1.call(DeploymentManagerImpl.java:187)
	at io.undertow.servlet@2.2.12.Final//io.undertow.servlet.core.ServletRequestContextThreadSetupAction$1.call(ServletRequestContextThreadSetupAction.java:42)
	at io.undertow.servlet@2.2.12.Final//io.undertow.servlet.core.ContextClassLoaderSetupAction$1.call(ContextClassLoaderSetupAction.java:43)
	at org.wildfly.extension.undertow@25.0.1.Final//org.wildfly.extension.undertow.deployment.UndertowDeploymentInfoService$UndertowThreadSetupAction.lambda$create$0(UndertowDeploymentInfoService.java:1544)
	at org.wildfly.extension.undertow@25.0.1.Final//org.wildfly.extension.undertow.deployment.UndertowDeploymentInfoService$UndertowThreadSetupAction.lambda$create$0(UndertowDeploymentInfoService.java:1544)
	at org.wildfly.extension.undertow@25.0.1.Final//org.wildfly.extension.undertow.deployment.UndertowDeploymentInfoService$UndertowThreadSetupAction.lambda$create$0(UndertowDeploymentInfoService.java:1544)
	at org.wildfly.extension.undertow@25.0.1.Final//org.wildfly.extension.undertow.deployment.UndertowDeploymentInfoService$UndertowThreadSetupAction.lambda$create$0(UndertowDeploymentInfoService.java:1544)
	at org.wildfly.extension.undertow@25.0.1.Final//org.wildfly.extension.undertow.deployment.UndertowDeploymentInfoService$UndertowThreadSetupAction.lambda$create$0(UndertowDeploymentInfoService.java:1544)
	at io.undertow.servlet@2.2.12.Final//io.undertow.servlet.core.DeploymentManagerImpl.deploy(DeploymentManagerImpl.java:255)
	at org.wildfly.extension.undertow@25.0.1.Final//org.wildfly.extension.undertow.deployment.UndertowDeploymentService.startContext(UndertowDeploymentService.java:105)
	at org.wildfly.extension.undertow@25.0.1.Final//org.wildfly.extension.undertow.deployment.UndertowDeploymentService$1.run(UndertowDeploymentService.java:87)
	at java.base/java.util.concurrent.Executors$RunnableAdapter.call(Executors.java:572)
	at java.base/java.util.concurrent.FutureTask.run(FutureTask.java:317)
	at org.jboss.threads@2.4.0.Final//org.jboss.threads.ContextClassLoaderSavingRunnable.run(ContextClassLoaderSavingRunnable.java:35)
	at org.jboss.threads@2.4.0.Final//org.jboss.threads.EnhancedQueueExecutor.safeRun(EnhancedQueueExecutor.java:1990)
	at org.jboss.threads@2.4.0.Final//org.jboss.threads.EnhancedQueueExecutor$ThreadBody.doRunTask(EnhancedQueueExecutor.java:1486)
	at org.jboss.threads@2.4.0.Final//org.jboss.threads.EnhancedQueueExecutor$ThreadBody.run(EnhancedQueueExecutor.java:1377)
	at java.base/java.lang.Thread.run(Thread.java:1570)
	at org.jboss.threads@2.4.0.Final//org.jboss.threads.JBossThread.run(JBossThread.java:513)
Caused by: org.postgresql.util.PSQLException: ERROR: column "time_to_metro" of relation "flats" contains null values
	at deployment.vehiclemanager.war//org.postgresql.core.v3.QueryExecutorImpl.receiveErrorResponse(QueryExecutorImpl.java:2734)
	at deployment.vehiclemanager.war//org.postgresql.core.v3.QueryExecutorImpl.processResults(QueryExecutorImpl.java:2421)
	at deployment.vehiclemanager.war//org.postgresql.core.v3.QueryExecutorImpl.execute(QueryExecutorImpl.java:372)
	at deployment.vehiclemanager.war//org.postgresql.jdbc.PgStatement.executeInternal(PgStatement.java:518)
	at deployment.vehiclemanager.war//org.postgresql.jdbc.PgStatement.execute(PgStatement.java:435)
	at deployment.vehiclemanager.war//org.postgresql.jdbc.PgStatement.executeWithFlags(PgStatement.java:357)
	at deployment.vehiclemanager.war//org.postgresql.jdbc.PgStatement.executeCachedSql(PgStatement.java:342)
	at deployment.vehiclemanager.war//org.postgresql.jdbc.PgStatement.executeWithFlags(PgStatement.java:318)
	at deployment.vehiclemanager.war//org.postgresql.jdbc.PgStatement.execute(PgStatement.java:313)
	at deployment.vehiclemanager.war//org.hibernate.tool.schema.internal.exec.GenerationTargetToDatabase.accept(GenerationTargetToDatabase.java:54)
	... 51 more

2025-12-02 00:11:55,117 INFO  [stdout] (ServerService Thread Pool -- 116) Hibernate: 
2025-12-02 00:11:55,117 INFO  [stdout] (ServerService Thread Pool -- 116)     
2025-12-02 00:11:55,117 INFO  [stdout] (ServerService Thread Pool -- 116)     alter table houses 
2025-12-02 00:11:55,117 INFO  [stdout] (ServerService Thread Pool -- 116)        add column number_of_flats_on_floor int8 not null check(number_of_flats_on_floor>=1)
2025-12-02 00:11:55,118 WARN  [org.hibernate.tool.schema.internal.ExceptionHandlerLoggedImpl] (ServerService Thread Pool -- 116) GenerationTarget encountered exception accepting command : Error executing DDL "
    alter table houses 
       add column number_of_flats_on_floor int8 not null check(number_of_flats_on_floor>=1)" via JDBC Statement: org.hibernate.tool.schema.spi.CommandAcceptanceException: Error executing DDL "
    alter table houses 
       add column number_of_flats_on_floor int8 not null check(number_of_flats_on_floor>=1)" via JDBC Statement
	at deployment.vehiclemanager.war//org.hibernate.tool.schema.internal.exec.GenerationTargetToDatabase.accept(GenerationTargetToDatabase.java:67)
	at deployment.vehiclemanager.war//org.hibernate.tool.schema.internal.AbstractSchemaMigrator.applySqlString(AbstractSchemaMigrator.java:581)
	at deployment.vehiclemanager.war//org.hibernate.tool.schema.internal.AbstractSchemaMigrator.applySqlStrings(AbstractSchemaMigrator.java:602)
	at deployment.vehiclemanager.war//org.hibernate.tool.schema.internal.AbstractSchemaMigrator.migrateTable(AbstractSchemaMigrator.java:314)
	at deployment.vehiclemanager.war//org.hibernate.tool.schema.internal.GroupedSchemaMigratorImpl.performTablesMigration(GroupedSchemaMigratorImpl.java:78)
	at deployment.vehiclemanager.war//org.hibernate.tool.schema.internal.AbstractSchemaMigrator.performMigration(AbstractSchemaMigrator.java:220)
	at deployment.vehiclemanager.war//org.hibernate.tool.schema.internal.AbstractSchemaMigrator.doMigration(AbstractSchemaMigrator.java:123)
	at deployment.vehiclemanager.war//org.hibernate.tool.schema.spi.SchemaManagementToolCoordinator.performDatabaseAction(SchemaManagementToolCoordinator.java:196)
	at deployment.vehiclemanager.war//org.hibernate.tool.schema.spi.SchemaManagementToolCoordinator.process(SchemaManagementToolCoordinator.java:85)
	at deployment.vehiclemanager.war//org.hibernate.internal.SessionFactoryImpl.<init>(SessionFactoryImpl.java:335)
	at deployment.vehiclemanager.war//org.hibernate.boot.internal.SessionFactoryBuilderImpl.build(SessionFactoryBuilderImpl.java:471)
	at deployment.vehiclemanager.war//org.hibernate.jpa.boot.internal.EntityManagerFactoryBuilderImpl.build(EntityManagerFactoryBuilderImpl.java:1498)
	at deployment.vehiclemanager.war//org.springframework.orm.jpa.vendor.SpringHibernateJpaPersistenceProvider.createContainerEntityManagerFactory(SpringHibernateJpaPersistenceProvider.java:58)
	at deployment.vehiclemanager.war//org.springframework.orm.jpa.LocalContainerEntityManagerFactoryBean.createNativeEntityManagerFactory(LocalContainerEntityManagerFactoryBean.java:365)
	at deployment.vehiclemanager.war//org.springframework.orm.jpa.AbstractEntityManagerFactoryBean.buildNativeEntityManagerFactory(AbstractEntityManagerFactoryBean.java:409)
	at deployment.vehiclemanager.war//org.springframework.orm.jpa.AbstractEntityManagerFactoryBean.afterPropertiesSet(AbstractEntityManagerFactoryBean.java:396)
	at deployment.vehiclemanager.war//org.springframework.orm.jpa.LocalContainerEntityManagerFactoryBean.afterPropertiesSet(LocalContainerEntityManagerFactoryBean.java:341)
	at deployment.vehiclemanager.war//org.springframework.beans.factory.support.AbstractAutowireCapableBeanFactory.invokeInitMethods(AbstractAutowireCapableBeanFactory.java:1863)
	at deployment.vehiclemanager.war//org.springframework.beans.factory.support.AbstractAutowireCapableBeanFactory.initializeBean(AbstractAutowireCapableBeanFactory.java:1800)
	at deployment.vehiclemanager.war//org.springframework.beans.factory.support.AbstractAutowireCapableBeanFactory.doCreateBean(AbstractAutowireCapableBeanFactory.java:620)
	at deployment.vehiclemanager.war//org.springframework.beans.factory.support.AbstractAutowireCapableBeanFactory.createBean(AbstractAutowireCapableBeanFactory.java:542)
	at deployment.vehiclemanager.war//org.springframework.beans.factory.support.AbstractBeanFactory.lambda$doGetBean$0(AbstractBeanFactory.java:335)
	at deployment.vehiclemanager.war//org.springframework.beans.factory.support.DefaultSingletonBeanRegistry.getSingleton(DefaultSingletonBeanRegistry.java:234)
	at deployment.vehiclemanager.war//org.springframework.beans.factory.support.AbstractBeanFactory.doGetBean(AbstractBeanFactory.java:333)
	at deployment.vehiclemanager.war//org.springframework.beans.factory.support.AbstractBeanFactory.getBean(AbstractBeanFactory.java:208)
	at deployment.vehiclemanager.war//org.springframework.context.support.AbstractApplicationContext.getBean(AbstractApplicationContext.java:1154)
	at deployment.vehiclemanager.war//org.springframework.context.support.AbstractApplicationContext.finishBeanFactoryInitialization(AbstractApplicationContext.java:908)
	at deployment.vehiclemanager.war//org.springframework.context.support.AbstractApplicationContext.refresh(AbstractApplicationContext.java:583)
	at deployment.vehiclemanager.war//org.springframework.web.context.ContextLoader.configureAndRefreshWebApplicationContext(ContextLoader.java:401)
	at deployment.vehiclemanager.war//org.springframework.web.context.ContextLoader.initWebApplicationContext(ContextLoader.java:292)
	at deployment.vehiclemanager.war//org.springframework.web.context.ContextLoaderListener.contextInitialized(ContextLoaderListener.java:103)
	at io.undertow.servlet@2.2.12.Final//io.undertow.servlet.core.ApplicationListeners.contextInitialized(ApplicationListeners.java:187)
	at io.undertow.servlet@2.2.12.Final//io.undertow.servlet.core.DeploymentManagerImpl$1.call(DeploymentManagerImpl.java:219)
	at io.undertow.servlet@2.2.12.Final//io.undertow.servlet.core.DeploymentManagerImpl$1.call(DeploymentManagerImpl.java:187)
	at io.undertow.servlet@2.2.12.Final//io.undertow.servlet.core.ServletRequestContextThreadSetupAction$1.call(ServletRequestContextThreadSetupAction.java:42)
	at io.undertow.servlet@2.2.12.Final//io.undertow.servlet.core.ContextClassLoaderSetupAction$1.call(ContextClassLoaderSetupAction.java:43)
	at org.wildfly.extension.undertow@25.0.1.Final//org.wildfly.extension.undertow.deployment.UndertowDeploymentInfoService$UndertowThreadSetupAction.lambda$create$0(UndertowDeploymentInfoService.java:1544)
	at org.wildfly.extension.undertow@25.0.1.Final//org.wildfly.extension.undertow.deployment.UndertowDeploymentInfoService$UndertowThreadSetupAction.lambda$create$0(UndertowDeploymentInfoService.java:1544)
	at org.wildfly.extension.undertow@25.0.1.Final//org.wildfly.extension.undertow.deployment.UndertowDeploymentInfoService$UndertowThreadSetupAction.lambda$create$0(UndertowDeploymentInfoService.java:1544)
	at org.wildfly.extension.undertow@25.0.1.Final//org.wildfly.extension.undertow.deployment.UndertowDeploymentInfoService$UndertowThreadSetupAction.lambda$create$0(UndertowDeploymentInfoService.java:1544)
	at org.wildfly.extension.undertow@25.0.1.Final//org.wildfly.extension.undertow.deployment.UndertowDeploymentInfoService$UndertowThreadSetupAction.lambda$create$0(UndertowDeploymentInfoService.java:1544)
	at io.undertow.servlet@2.2.12.Final//io.undertow.servlet.core.DeploymentManagerImpl.deploy(DeploymentManagerImpl.java:255)
	at org.wildfly.extension.undertow@25.0.1.Final//org.wildfly.extension.undertow.deployment.UndertowDeploymentService.startContext(UndertowDeploymentService.java:105)
	at org.wildfly.extension.undertow@25.0.1.Final//org.wildfly.extension.undertow.deployment.UndertowDeploymentService$1.run(UndertowDeploymentService.java:87)
	at java.base/java.util.concurrent.Executors$RunnableAdapter.call(Executors.java:572)
	at java.base/java.util.concurrent.FutureTask.run(FutureTask.java:317)
	at org.jboss.threads@2.4.0.Final//org.jboss.threads.ContextClassLoaderSavingRunnable.run(ContextClassLoaderSavingRunnable.java:35)
	at org.jboss.threads@2.4.0.Final//org.jboss.threads.EnhancedQueueExecutor.safeRun(EnhancedQueueExecutor.java:1990)
	at org.jboss.threads@2.4.0.Final//org.jboss.threads.EnhancedQueueExecutor$ThreadBody.doRunTask(EnhancedQueueExecutor.java:1486)
	at org.jboss.threads@2.4.0.Final//org.jboss.threads.EnhancedQueueExecutor$ThreadBody.run(EnhancedQueueExecutor.java:1377)
	at java.base/java.lang.Thread.run(Thread.java:1570)
	at org.jboss.threads@2.4.0.Final//org.jboss.threads.JBossThread.run(JBossThread.java:513)
Caused by: org.postgresql.util.PSQLException: ERROR: column "number_of_flats_on_floor" of relation "houses" contains null values
	at deployment.vehiclemanager.war//org.postgresql.core.v3.QueryExecutorImpl.receiveErrorResponse(QueryExecutorImpl.java:2734)
	at deployment.vehiclemanager.war//org.postgresql.core.v3.QueryExecutorImpl.processResults(QueryExecutorImpl.java:2421)
	at deployment.vehiclemanager.war//org.postgresql.core.v3.QueryExecutorImpl.execute(QueryExecutorImpl.java:372)
	at deployment.vehiclemanager.war//org.postgresql.jdbc.PgStatement.executeInternal(PgStatement.java:518)
	at deployment.vehiclemanager.war//org.postgresql.jdbc.PgStatement.execute(PgStatement.java:435)
	at deployment.vehiclemanager.war//org.postgresql.jdbc.PgStatement.executeWithFlags(PgStatement.java:357)
	at deployment.vehiclemanager.war//org.postgresql.jdbc.PgStatement.executeCachedSql(PgStatement.java:342)
	at deployment.vehiclemanager.war//org.postgresql.jdbc.PgStatement.executeWithFlags(PgStatement.java:318)
	at deployment.vehiclemanager.war//org.postgresql.jdbc.PgStatement.execute(PgStatement.java:313)
	at deployment.vehiclemanager.war//org.hibernate.tool.schema.internal.exec.GenerationTargetToDatabase.accept(GenerationTargetToDatabase.java:54)
	... 51 more

2025-12-02 00:11:55,118 INFO  [stdout] (ServerService Thread Pool -- 116) Hibernate: 
2025-12-02 00:11:55,118 INFO  [stdout] (ServerService Thread Pool -- 116)     
2025-12-02 00:11:55,118 INFO  [stdout] (ServerService Thread Pool -- 116)     alter table houses 
2025-12-02 00:11:55,118 INFO  [stdout] (ServerService Thread Pool -- 116)        add column number_of_lifts int4 not null check(number_of_lifts>=1)
2025-12-02 00:11:55,118 WARN  [org.hibernate.tool.schema.internal.ExceptionHandlerLoggedImpl] (ServerService Thread Pool -- 116) GenerationTarget encountered exception accepting command : Error executing DDL "
    alter table houses 
       add column number_of_lifts int4 not null check(number_of_lifts>=1)" via JDBC Statement: org.hibernate.tool.schema.spi.CommandAcceptanceException: Error executing DDL "
    alter table houses 
       add column number_of_lifts int4 not null check(number_of_lifts>=1)" via JDBC Statement
	at deployment.vehiclemanager.war//org.hibernate.tool.schema.internal.exec.GenerationTargetToDatabase.accept(GenerationTargetToDatabase.java:67)
	at deployment.vehiclemanager.war//org.hibernate.tool.schema.internal.AbstractSchemaMigrator.applySqlString(AbstractSchemaMigrator.java:581)
	at deployment.vehiclemanager.war//org.hibernate.tool.schema.internal.AbstractSchemaMigrator.applySqlStrings(AbstractSchemaMigrator.java:602)
	at deployment.vehiclemanager.war//org.hibernate.tool.schema.internal.AbstractSchemaMigrator.migrateTable(AbstractSchemaMigrator.java:314)
	at deployment.vehiclemanager.war//org.hibernate.tool.schema.internal.GroupedSchemaMigratorImpl.performTablesMigration(GroupedSchemaMigratorImpl.java:78)
	at deployment.vehiclemanager.war//org.hibernate.tool.schema.internal.AbstractSchemaMigrator.performMigration(AbstractSchemaMigrator.java:220)
	at deployment.vehiclemanager.war//org.hibernate.tool.schema.internal.AbstractSchemaMigrator.doMigration(AbstractSchemaMigrator.java:123)
	at deployment.vehiclemanager.war//org.hibernate.tool.schema.spi.SchemaManagementToolCoordinator.performDatabaseAction(SchemaManagementToolCoordinator.java:196)
	at deployment.vehiclemanager.war//org.hibernate.tool.schema.spi.SchemaManagementToolCoordinator.process(SchemaManagementToolCoordinator.java:85)
	at deployment.vehiclemanager.war//org.hibernate.internal.SessionFactoryImpl.<init>(SessionFactoryImpl.java:335)
	at deployment.vehiclemanager.war//org.hibernate.boot.internal.SessionFactoryBuilderImpl.build(SessionFactoryBuilderImpl.java:471)
	at deployment.vehiclemanager.war//org.hibernate.jpa.boot.internal.EntityManagerFactoryBuilderImpl.build(EntityManagerFactoryBuilderImpl.java:1498)
	at deployment.vehiclemanager.war//org.springframework.orm.jpa.vendor.SpringHibernateJpaPersistenceProvider.createContainerEntityManagerFactory(SpringHibernateJpaPersistenceProvider.java:58)
	at deployment.vehiclemanager.war//org.springframework.orm.jpa.LocalContainerEntityManagerFactoryBean.createNativeEntityManagerFactory(LocalContainerEntityManagerFactoryBean.java:365)
	at deployment.vehiclemanager.war//org.springframework.orm.jpa.AbstractEntityManagerFactoryBean.buildNativeEntityManagerFactory(AbstractEntityManagerFactoryBean.java:409)
	at deployment.vehiclemanager.war//org.springframework.orm.jpa.AbstractEntityManagerFactoryBean.afterPropertiesSet(AbstractEntityManagerFactoryBean.java:396)
	at deployment.vehiclemanager.war//org.springframework.orm.jpa.LocalContainerEntityManagerFactoryBean.afterPropertiesSet(LocalContainerEntityManagerFactoryBean.java:341)
	at deployment.vehiclemanager.war//org.springframework.beans.factory.support.AbstractAutowireCapableBeanFactory.invokeInitMethods(AbstractAutowireCapableBeanFactory.java:1863)
	at deployment.vehiclemanager.war//org.springframework.beans.factory.support.AbstractAutowireCapableBeanFactory.initializeBean(AbstractAutowireCapableBeanFactory.java:1800)
	at deployment.vehiclemanager.war//org.springframework.beans.factory.support.AbstractAutowireCapableBeanFactory.doCreateBean(AbstractAutowireCapableBeanFactory.java:620)
	at deployment.vehiclemanager.war//org.springframework.beans.factory.support.AbstractAutowireCapableBeanFactory.createBean(AbstractAutowireCapableBeanFactory.java:542)
	at deployment.vehiclemanager.war//org.springframework.beans.factory.support.AbstractBeanFactory.lambda$doGetBean$0(AbstractBeanFactory.java:335)
	at deployment.vehiclemanager.war//org.springframework.beans.factory.support.DefaultSingletonBeanRegistry.getSingleton(DefaultSingletonBeanRegistry.java:234)
	at deployment.vehiclemanager.war//org.springframework.beans.factory.support.AbstractBeanFactory.doGetBean(AbstractBeanFactory.java:333)
	at deployment.vehiclemanager.war//org.springframework.beans.factory.support.AbstractBeanFactory.getBean(AbstractBeanFactory.java:208)
	at deployment.vehiclemanager.war//org.springframework.context.support.AbstractApplicationContext.getBean(AbstractApplicationContext.java:1154)
	at deployment.vehiclemanager.war//org.springframework.context.support.AbstractApplicationContext.finishBeanFactoryInitialization(AbstractApplicationContext.java:908)
	at deployment.vehiclemanager.war//org.springframework.context.support.AbstractApplicationContext.refresh(AbstractApplicationContext.java:583)
	at deployment.vehiclemanager.war//org.springframework.web.context.ContextLoader.configureAndRefreshWebApplicationContext(ContextLoader.java:401)
	at deployment.vehiclemanager.war//org.springframework.web.context.ContextLoader.initWebApplicationContext(ContextLoader.java:292)
	at deployment.vehiclemanager.war//org.springframework.web.context.ContextLoaderListener.contextInitialized(ContextLoaderListener.java:103)
	at io.undertow.servlet@2.2.12.Final//io.undertow.servlet.core.ApplicationListeners.contextInitialized(ApplicationListeners.java:187)
	at io.undertow.servlet@2.2.12.Final//io.undertow.servlet.core.DeploymentManagerImpl$1.call(DeploymentManagerImpl.java:219)
	at io.undertow.servlet@2.2.12.Final//io.undertow.servlet.core.DeploymentManagerImpl$1.call(DeploymentManagerImpl.java:187)
	at io.undertow.servlet@2.2.12.Final//io.undertow.servlet.core.ServletRequestContextThreadSetupAction$1.call(ServletRequestContextThreadSetupAction.java:42)
	at io.undertow.servlet@2.2.12.Final//io.undertow.servlet.core.ContextClassLoaderSetupAction$1.call(ContextClassLoaderSetupAction.java:43)
	at org.wildfly.extension.undertow@25.0.1.Final//org.wildfly.extension.undertow.deployment.UndertowDeploymentInfoService$UndertowThreadSetupAction.lambda$create$0(UndertowDeploymentInfoService.java:1544)
	at org.wildfly.extension.undertow@25.0.1.Final//org.wildfly.extension.undertow.deployment.UndertowDeploymentInfoService$UndertowThreadSetupAction.lambda$create$0(UndertowDeploymentInfoService.java:1544)
	at org.wildfly.extension.undertow@25.0.1.Final//org.wildfly.extension.undertow.deployment.UndertowDeploymentInfoService$UndertowThreadSetupAction.lambda$create$0(UndertowDeploymentInfoService.java:1544)
	at org.wildfly.extension.undertow@25.0.1.Final//org.wildfly.extension.undertow.deployment.UndertowDeploymentInfoService$UndertowThreadSetupAction.lambda$create$0(UndertowDeploymentInfoService.java:1544)
	at org.wildfly.extension.undertow@25.0.1.Final//org.wildfly.extension.undertow.deployment.UndertowDeploymentInfoService$UndertowThreadSetupAction.lambda$create$0(UndertowDeploymentInfoService.java:1544)
	at io.undertow.servlet@2.2.12.Final//io.undertow.servlet.core.DeploymentManagerImpl.deploy(DeploymentManagerImpl.java:255)
	at org.wildfly.extension.undertow@25.0.1.Final//org.wildfly.extension.undertow.deployment.UndertowDeploymentService.startContext(UndertowDeploymentService.java:105)
	at org.wildfly.extension.undertow@25.0.1.Final//org.wildfly.extension.undertow.deployment.UndertowDeploymentService$1.run(UndertowDeploymentService.java:87)
	at java.base/java.util.concurrent.Executors$RunnableAdapter.call(Executors.java:572)
	at java.base/java.util.concurrent.FutureTask.run(FutureTask.java:317)
	at org.jboss.threads@2.4.0.Final//org.jboss.threads.ContextClassLoaderSavingRunnable.run(ContextClassLoaderSavingRunnable.java:35)
	at org.jboss.threads@2.4.0.Final//org.jboss.threads.EnhancedQueueExecutor.safeRun(EnhancedQueueExecutor.java:1990)
	at org.jboss.threads@2.4.0.Final//org.jboss.threads.EnhancedQueueExecutor$ThreadBody.doRunTask(EnhancedQueueExecutor.java:1486)
	at org.jboss.threads@2.4.0.Final//org.jboss.threads.EnhancedQueueExecutor$ThreadBody.run(EnhancedQueueExecutor.java:1377)
	at java.base/java.lang.Thread.run(Thread.java:1570)
	at org.jboss.threads@2.4.0.Final//org.jboss.threads.JBossThread.run(JBossThread.java:513)
Caused by: org.postgresql.util.PSQLException: ERROR: column "number_of_lifts" of relation "houses" contains null values
	at deployment.vehiclemanager.war//org.postgresql.core.v3.QueryExecutorImpl.receiveErrorResponse(QueryExecutorImpl.java:2734)
	at deployment.vehiclemanager.war//org.postgresql.core.v3.QueryExecutorImpl.processResults(QueryExecutorImpl.java:2421)
	at deployment.vehiclemanager.war//org.postgresql.core.v3.QueryExecutorImpl.execute(QueryExecutorImpl.java:372)
	at deployment.vehiclemanager.war//org.postgresql.jdbc.PgStatement.executeInternal(PgStatement.java:518)
	at deployment.vehiclemanager.war//org.postgresql.jdbc.PgStatement.execute(PgStatement.java:435)
	at deployment.vehiclemanager.war//org.postgresql.jdbc.PgStatement.executeWithFlags(PgStatement.java:357)
	at deployment.vehiclemanager.war//org.postgresql.jdbc.PgStatement.executeCachedSql(PgStatement.java:342)
	at deployment.vehiclemanager.war//org.postgresql.jdbc.PgStatement.executeWithFlags(PgStatement.java:318)
	at deployment.vehiclemanager.war//org.postgresql.jdbc.PgStatement.execute(PgStatement.java:313)
	at deployment.vehiclemanager.war//org.hibernate.tool.schema.internal.exec.GenerationTargetToDatabase.accept(GenerationTargetToDatabase.java:54)
	... 51 more

2025-12-02 00:11:55,199 INFO  [org.hibernate.engine.transaction.jta.platform.internal.JtaPlatformInitiator] (ServerService Thread Pool -- 116) HHH000490: Using JtaPlatform implementation: [org.hibernate.engine.transaction.jta.platform.internal.WildFlyStandAloneJtaPlatform]
2025-12-02 00:11:55,241 INFO  [org.springframework.orm.jpa.LocalContainerEntityManagerFactoryBean] (ServerService Thread Pool -- 116) Initialized JPA EntityManagerFactory for persistence unit 'default'
2025-12-02 00:11:55,250 INFO  [org.springframework.web.context.ContextLoader] (ServerService Thread Pool -- 116) Root WebApplicationContext initialized in 762 ms
2025-12-02 00:11:55,250 INFO  [io.undertow.servlet] (ServerService Thread Pool -- 116) Initializing Spring DispatcherServlet 'dispatcher'
2025-12-02 00:11:55,250 INFO  [org.springframework.web.servlet.DispatcherServlet] (ServerService Thread Pool -- 116) Initializing Servlet 'dispatcher'
2025-12-02 00:11:55,286 INFO  [org.hibernate.jpa.internal.util.LogHelper] (ServerService Thread Pool -- 116) HHH000204: Processing PersistenceUnitInfo [name: default]
2025-12-02 00:11:55,303 INFO  [org.hibernate.dialect.Dialect] (ServerService Thread Pool -- 116) HHH000400: Using dialect: org.hibernate.dialect.PostgreSQLDialect
2025-12-02 00:11:55,303 INFO  [org.hibernate.orm.beans] (ServerService Thread Pool -- 116) HHH10005002: No explicit CDI BeanManager reference was passed to Hibernate, but CDI is available on the Hibernate ClassLoader.
2025-12-02 00:11:55,359 INFO  [stdout] (ServerService Thread Pool -- 116) Hibernate: 
2025-12-02 00:11:55,360 INFO  [stdout] (ServerService Thread Pool -- 116)     
2025-12-02 00:11:55,360 INFO  [stdout] (ServerService Thread Pool -- 116)     alter table flats 
2025-12-02 00:11:55,360 INFO  [stdout] (ServerService Thread Pool -- 116)        add column time_to_metro float8 not null check(time_to_metro>=1)
2025-12-02 00:11:55,361 WARN  [org.hibernate.tool.schema.internal.ExceptionHandlerLoggedImpl] (ServerService Thread Pool -- 116) GenerationTarget encountered exception accepting command : Error executing DDL "
    alter table flats 
       add column time_to_metro float8 not null check(time_to_metro>=1)" via JDBC Statement: org.hibernate.tool.schema.spi.CommandAcceptanceException: Error executing DDL "
    alter table flats 
       add column time_to_metro float8 not null check(time_to_metro>=1)" via JDBC Statement
	at deployment.vehiclemanager.war//org.hibernate.tool.schema.internal.exec.GenerationTargetToDatabase.accept(GenerationTargetToDatabase.java:67)
	at deployment.vehiclemanager.war//org.hibernate.tool.schema.internal.AbstractSchemaMigrator.applySqlString(AbstractSchemaMigrator.java:581)
	at deployment.vehiclemanager.war//org.hibernate.tool.schema.internal.AbstractSchemaMigrator.applySqlStrings(AbstractSchemaMigrator.java:602)
	at deployment.vehiclemanager.war//org.hibernate.tool.schema.internal.AbstractSchemaMigrator.migrateTable(AbstractSchemaMigrator.java:314)
	at deployment.vehiclemanager.war//org.hibernate.tool.schema.internal.GroupedSchemaMigratorImpl.performTablesMigration(GroupedSchemaMigratorImpl.java:78)
	at deployment.vehiclemanager.war//org.hibernate.tool.schema.internal.AbstractSchemaMigrator.performMigration(AbstractSchemaMigrator.java:220)
	at deployment.vehiclemanager.war//org.hibernate.tool.schema.internal.AbstractSchemaMigrator.doMigration(AbstractSchemaMigrator.java:123)
	at deployment.vehiclemanager.war//org.hibernate.tool.schema.spi.SchemaManagementToolCoordinator.performDatabaseAction(SchemaManagementToolCoordinator.java:196)
	at deployment.vehiclemanager.war//org.hibernate.tool.schema.spi.SchemaManagementToolCoordinator.process(SchemaManagementToolCoordinator.java:85)
	at deployment.vehiclemanager.war//org.hibernate.internal.SessionFactoryImpl.<init>(SessionFactoryImpl.java:335)
	at deployment.vehiclemanager.war//org.hibernate.boot.internal.SessionFactoryBuilderImpl.build(SessionFactoryBuilderImpl.java:471)
	at deployment.vehiclemanager.war//org.hibernate.jpa.boot.internal.EntityManagerFactoryBuilderImpl.build(EntityManagerFactoryBuilderImpl.java:1498)
	at deployment.vehiclemanager.war//org.springframework.orm.jpa.vendor.SpringHibernateJpaPersistenceProvider.createContainerEntityManagerFactory(SpringHibernateJpaPersistenceProvider.java:58)
	at deployment.vehiclemanager.war//org.springframework.orm.jpa.LocalContainerEntityManagerFactoryBean.createNativeEntityManagerFactory(LocalContainerEntityManagerFactoryBean.java:365)
	at deployment.vehiclemanager.war//org.springframework.orm.jpa.AbstractEntityManagerFactoryBean.buildNativeEntityManagerFactory(AbstractEntityManagerFactoryBean.java:409)
	at deployment.vehiclemanager.war//org.springframework.orm.jpa.AbstractEntityManagerFactoryBean.afterPropertiesSet(AbstractEntityManagerFactoryBean.java:396)
	at deployment.vehiclemanager.war//org.springframework.orm.jpa.LocalContainerEntityManagerFactoryBean.afterPropertiesSet(LocalContainerEntityManagerFactoryBean.java:341)
	at deployment.vehiclemanager.war//org.springframework.beans.factory.support.AbstractAutowireCapableBeanFactory.invokeInitMethods(AbstractAutowireCapableBeanFactory.java:1863)
	at deployment.vehiclemanager.war//org.springframework.beans.factory.support.AbstractAutowireCapableBeanFactory.initializeBean(AbstractAutowireCapableBeanFactory.java:1800)
	at deployment.vehiclemanager.war//org.springframework.beans.factory.support.AbstractAutowireCapableBeanFactory.doCreateBean(AbstractAutowireCapableBeanFactory.java:620)
	at deployment.vehiclemanager.war//org.springframework.beans.factory.support.AbstractAutowireCapableBeanFactory.createBean(AbstractAutowireCapableBeanFactory.java:542)
	at deployment.vehiclemanager.war//org.springframework.beans.factory.support.AbstractBeanFactory.lambda$doGetBean$0(AbstractBeanFactory.java:335)
	at deployment.vehiclemanager.war//org.springframework.beans.factory.support.DefaultSingletonBeanRegistry.getSingleton(DefaultSingletonBeanRegistry.java:234)
	at deployment.vehiclemanager.war//org.springframework.beans.factory.support.AbstractBeanFactory.doGetBean(AbstractBeanFactory.java:333)
	at deployment.vehiclemanager.war//org.springframework.beans.factory.support.AbstractBeanFactory.getBean(AbstractBeanFactory.java:208)
	at deployment.vehiclemanager.war//org.springframework.context.support.AbstractApplicationContext.getBean(AbstractApplicationContext.java:1154)
	at deployment.vehiclemanager.war//org.springframework.context.support.AbstractApplicationContext.finishBeanFactoryInitialization(AbstractApplicationContext.java:908)
	at deployment.vehiclemanager.war//org.springframework.context.support.AbstractApplicationContext.refresh(AbstractApplicationContext.java:583)
	at deployment.vehiclemanager.war//org.springframework.web.servlet.FrameworkServlet.configureAndRefreshWebApplicationContext(FrameworkServlet.java:702)
	at deployment.vehiclemanager.war//org.springframework.web.servlet.FrameworkServlet.initWebApplicationContext(FrameworkServlet.java:578)
	at deployment.vehiclemanager.war//org.springframework.web.servlet.FrameworkServlet.initServletBean(FrameworkServlet.java:530)
	at deployment.vehiclemanager.war//org.springframework.web.servlet.HttpServletBean.init(HttpServletBean.java:170)
	at javax.servlet.api@2.0.0.Final//javax.servlet.GenericServlet.init(GenericServlet.java:180)
	at io.undertow.servlet@2.2.12.Final//io.undertow.servlet.core.LifecyleInterceptorInvocation.proceed(LifecyleInterceptorInvocation.java:117)
	at org.wildfly.security.elytron-web.undertow-server-servlet@1.10.0.Final//org.wildfly.elytron.web.undertow.server.servlet.RunAsLifecycleInterceptor.doIt(RunAsLifecycleInterceptor.java:70)
	at org.wildfly.security.elytron-web.undertow-server-servlet@1.10.0.Final//org.wildfly.elytron.web.undertow.server.servlet.RunAsLifecycleInterceptor.init(RunAsLifecycleInterceptor.java:76)
	at io.undertow.servlet@2.2.12.Final//io.undertow.servlet.core.LifecyleInterceptorInvocation.proceed(LifecyleInterceptorInvocation.java:103)
	at io.undertow.servlet@2.2.12.Final//io.undertow.servlet.core.ManagedServlet$DefaultInstanceStrategy.start(ManagedServlet.java:309)
	at io.undertow.servlet@2.2.12.Final//io.undertow.servlet.core.ManagedServlet.createServlet(ManagedServlet.java:145)
	at io.undertow.servlet@2.2.12.Final//io.undertow.servlet.core.DeploymentManagerImpl$2.call(DeploymentManagerImpl.java:588)
	at io.undertow.servlet@2.2.12.Final//io.undertow.servlet.core.DeploymentManagerImpl$2.call(DeploymentManagerImpl.java:559)
	at io.undertow.servlet@2.2.12.Final//io.undertow.servlet.core.ServletRequestContextThreadSetupAction$1.call(ServletRequestContextThreadSetupAction.java:42)
	at io.undertow.servlet@2.2.12.Final//io.undertow.servlet.core.ContextClassLoaderSetupAction$1.call(ContextClassLoaderSetupAction.java:43)
	at org.wildfly.extension.undertow@25.0.1.Final//org.wildfly.extension.undertow.deployment.UndertowDeploymentInfoService$UndertowThreadSetupAction.lambda$create$0(UndertowDeploymentInfoService.java:1544)
	at org.wildfly.extension.undertow@25.0.1.Final//org.wildfly.extension.undertow.deployment.UndertowDeploymentInfoService$UndertowThreadSetupAction.lambda$create$0(UndertowDeploymentInfoService.java:1544)
	at org.wildfly.extension.undertow@25.0.1.Final//org.wildfly.extension.undertow.deployment.UndertowDeploymentInfoService$UndertowThreadSetupAction.lambda$create$0(UndertowDeploymentInfoService.java:1544)
	at org.wildfly.extension.undertow@25.0.1.Final//org.wildfly.extension.undertow.deployment.UndertowDeploymentInfoService$UndertowThreadSetupAction.lambda$create$0(UndertowDeploymentInfoService.java:1544)
	at org.wildfly.extension.undertow@25.0.1.Final//org.wildfly.extension.undertow.deployment.UndertowDeploymentInfoService$UndertowThreadSetupAction.lambda$create$0(UndertowDeploymentInfoService.java:1544)
	at io.undertow.servlet@2.2.12.Final//io.undertow.servlet.core.DeploymentManagerImpl.start(DeploymentManagerImpl.java:601)
	at org.wildfly.extension.undertow@25.0.1.Final//org.wildfly.extension.undertow.deployment.UndertowDeploymentService.startContext(UndertowDeploymentService.java:106)
	at org.wildfly.extension.undertow@25.0.1.Final//org.wildfly.extension.undertow.deployment.UndertowDeploymentService$1.run(UndertowDeploymentService.java:87)
	at java.base/java.util.concurrent.Executors$RunnableAdapter.call(Executors.java:572)
	at java.base/java.util.concurrent.FutureTask.run(FutureTask.java:317)
	at org.jboss.threads@2.4.0.Final//org.jboss.threads.ContextClassLoaderSavingRunnable.run(ContextClassLoaderSavingRunnable.java:35)
	at org.jboss.threads@2.4.0.Final//org.jboss.threads.EnhancedQueueExecutor.safeRun(EnhancedQueueExecutor.java:1990)
	at org.jboss.threads@2.4.0.Final//org.jboss.threads.EnhancedQueueExecutor$ThreadBody.doRunTask(EnhancedQueueExecutor.java:1486)
	at org.jboss.threads@2.4.0.Final//org.jboss.threads.EnhancedQueueExecutor$ThreadBody.run(EnhancedQueueExecutor.java:1377)
	at java.base/java.lang.Thread.run(Thread.java:1570)
	at org.jboss.threads@2.4.0.Final//org.jboss.threads.JBossThread.run(JBossThread.java:513)
Caused by: org.postgresql.util.PSQLException: ERROR: column "time_to_metro" of relation "flats" contains null values
	at deployment.vehiclemanager.war//org.postgresql.core.v3.QueryExecutorImpl.receiveErrorResponse(QueryExecutorImpl.java:2734)
	at deployment.vehiclemanager.war//org.postgresql.core.v3.QueryExecutorImpl.processResults(QueryExecutorImpl.java:2421)
	at deployment.vehiclemanager.war//org.postgresql.core.v3.QueryExecutorImpl.execute(QueryExecutorImpl.java:372)
	at deployment.vehiclemanager.war//org.postgresql.jdbc.PgStatement.executeInternal(PgStatement.java:518)
	at deployment.vehiclemanager.war//org.postgresql.jdbc.PgStatement.execute(PgStatement.java:435)
	at deployment.vehiclemanager.war//org.postgresql.jdbc.PgStatement.executeWithFlags(PgStatement.java:357)
	at deployment.vehiclemanager.war//org.postgresql.jdbc.PgStatement.executeCachedSql(PgStatement.java:342)
	at deployment.vehiclemanager.war//org.postgresql.jdbc.PgStatement.executeWithFlags(PgStatement.java:318)
	at deployment.vehiclemanager.war//org.postgresql.jdbc.PgStatement.execute(PgStatement.java:313)
	at deployment.vehiclemanager.war//org.hibernate.tool.schema.internal.exec.GenerationTargetToDatabase.accept(GenerationTargetToDatabase.java:54)
	... 58 more

2025-12-02 00:11:55,361 INFO  [stdout] (ServerService Thread Pool -- 116) Hibernate: 
2025-12-02 00:11:55,361 INFO  [stdout] (ServerService Thread Pool -- 116)     
2025-12-02 00:11:55,361 INFO  [stdout] (ServerService Thread Pool -- 116)     alter table houses 
2025-12-02 00:11:55,361 INFO  [stdout] (ServerService Thread Pool -- 116)        add column number_of_flats_on_floor int8 not null check(number_of_flats_on_floor>=1)
2025-12-02 00:11:55,361 WARN  [org.hibernate.tool.schema.internal.ExceptionHandlerLoggedImpl] (ServerService Thread Pool -- 116) GenerationTarget encountered exception accepting command : Error executing DDL "
    alter table houses 
       add column number_of_flats_on_floor int8 not null check(number_of_flats_on_floor>=1)" via JDBC Statement: org.hibernate.tool.schema.spi.CommandAcceptanceException: Error executing DDL "
    alter table houses 
       add column number_of_flats_on_floor int8 not null check(number_of_flats_on_floor>=1)" via JDBC Statement
	at deployment.vehiclemanager.war//org.hibernate.tool.schema.internal.exec.GenerationTargetToDatabase.accept(GenerationTargetToDatabase.java:67)
	at deployment.vehiclemanager.war//org.hibernate.tool.schema.internal.AbstractSchemaMigrator.applySqlString(AbstractSchemaMigrator.java:581)
	at deployment.vehiclemanager.war//org.hibernate.tool.schema.internal.AbstractSchemaMigrator.applySqlStrings(AbstractSchemaMigrator.java:602)
	at deployment.vehiclemanager.war//org.hibernate.tool.schema.internal.AbstractSchemaMigrator.migrateTable(AbstractSchemaMigrator.java:314)
	at deployment.vehiclemanager.war//org.hibernate.tool.schema.internal.GroupedSchemaMigratorImpl.performTablesMigration(GroupedSchemaMigratorImpl.java:78)
	at deployment.vehiclemanager.war//org.hibernate.tool.schema.internal.AbstractSchemaMigrator.performMigration(AbstractSchemaMigrator.java:220)
	at deployment.vehiclemanager.war//org.hibernate.tool.schema.internal.AbstractSchemaMigrator.doMigration(AbstractSchemaMigrator.java:123)
	at deployment.vehiclemanager.war//org.hibernate.tool.schema.spi.SchemaManagementToolCoordinator.performDatabaseAction(SchemaManagementToolCoordinator.java:196)
	at deployment.vehiclemanager.war//org.hibernate.tool.schema.spi.SchemaManagementToolCoordinator.process(SchemaManagementToolCoordinator.java:85)
	at deployment.vehiclemanager.war//org.hibernate.internal.SessionFactoryImpl.<init>(SessionFactoryImpl.java:335)
	at deployment.vehiclemanager.war//org.hibernate.boot.internal.SessionFactoryBuilderImpl.build(SessionFactoryBuilderImpl.java:471)
	at deployment.vehiclemanager.war//org.hibernate.jpa.boot.internal.EntityManagerFactoryBuilderImpl.build(EntityManagerFactoryBuilderImpl.java:1498)
	at deployment.vehiclemanager.war//org.springframework.orm.jpa.vendor.SpringHibernateJpaPersistenceProvider.createContainerEntityManagerFactory(SpringHibernateJpaPersistenceProvider.java:58)
	at deployment.vehiclemanager.war//org.springframework.orm.jpa.LocalContainerEntityManagerFactoryBean.createNativeEntityManagerFactory(LocalContainerEntityManagerFactoryBean.java:365)
	at deployment.vehiclemanager.war//org.springframework.orm.jpa.AbstractEntityManagerFactoryBean.buildNativeEntityManagerFactory(AbstractEntityManagerFactoryBean.java:409)
	at deployment.vehiclemanager.war//org.springframework.orm.jpa.AbstractEntityManagerFactoryBean.afterPropertiesSet(AbstractEntityManagerFactoryBean.java:396)
	at deployment.vehiclemanager.war//org.springframework.orm.jpa.LocalContainerEntityManagerFactoryBean.afterPropertiesSet(LocalContainerEntityManagerFactoryBean.java:341)
	at deployment.vehiclemanager.war//org.springframework.beans.factory.support.AbstractAutowireCapableBeanFactory.invokeInitMethods(AbstractAutowireCapableBeanFactory.java:1863)
	at deployment.vehiclemanager.war//org.springframework.beans.factory.support.AbstractAutowireCapableBeanFactory.initializeBean(AbstractAutowireCapableBeanFactory.java:1800)
	at deployment.vehiclemanager.war//org.springframework.beans.factory.support.AbstractAutowireCapableBeanFactory.doCreateBean(AbstractAutowireCapableBeanFactory.java:620)
	at deployment.vehiclemanager.war//org.springframework.beans.factory.support.AbstractAutowireCapableBeanFactory.createBean(AbstractAutowireCapableBeanFactory.java:542)
	at deployment.vehiclemanager.war//org.springframework.beans.factory.support.AbstractBeanFactory.lambda$doGetBean$0(AbstractBeanFactory.java:335)
	at deployment.vehiclemanager.war//org.springframework.beans.factory.support.DefaultSingletonBeanRegistry.getSingleton(DefaultSingletonBeanRegistry.java:234)
	at deployment.vehiclemanager.war//org.springframework.beans.factory.support.AbstractBeanFactory.doGetBean(AbstractBeanFactory.java:333)
	at deployment.vehiclemanager.war//org.springframework.beans.factory.support.AbstractBeanFactory.getBean(AbstractBeanFactory.java:208)
	at deployment.vehiclemanager.war//org.springframework.context.support.AbstractApplicationContext.getBean(AbstractApplicationContext.java:1154)
	at deployment.vehiclemanager.war//org.springframework.context.support.AbstractApplicationContext.finishBeanFactoryInitialization(AbstractApplicationContext.java:908)
	at deployment.vehiclemanager.war//org.springframework.context.support.AbstractApplicationContext.refresh(AbstractApplicationContext.java:583)
	at deployment.vehiclemanager.war//org.springframework.web.servlet.FrameworkServlet.configureAndRefreshWebApplicationContext(FrameworkServlet.java:702)
	at deployment.vehiclemanager.war//org.springframework.web.servlet.FrameworkServlet.initWebApplicationContext(FrameworkServlet.java:578)
	at deployment.vehiclemanager.war//org.springframework.web.servlet.FrameworkServlet.initServletBean(FrameworkServlet.java:530)
	at deployment.vehiclemanager.war//org.springframework.web.servlet.HttpServletBean.init(HttpServletBean.java:170)
	at javax.servlet.api@2.0.0.Final//javax.servlet.GenericServlet.init(GenericServlet.java:180)
	at io.undertow.servlet@2.2.12.Final//io.undertow.servlet.core.LifecyleInterceptorInvocation.proceed(LifecyleInterceptorInvocation.java:117)
	at org.wildfly.security.elytron-web.undertow-server-servlet@1.10.0.Final//org.wildfly.elytron.web.undertow.server.servlet.RunAsLifecycleInterceptor.doIt(RunAsLifecycleInterceptor.java:70)
	at org.wildfly.security.elytron-web.undertow-server-servlet@1.10.0.Final//org.wildfly.elytron.web.undertow.server.servlet.RunAsLifecycleInterceptor.init(RunAsLifecycleInterceptor.java:76)
	at io.undertow.servlet@2.2.12.Final//io.undertow.servlet.core.LifecyleInterceptorInvocation.proceed(LifecyleInterceptorInvocation.java:103)
	at io.undertow.servlet@2.2.12.Final//io.undertow.servlet.core.ManagedServlet$DefaultInstanceStrategy.start(ManagedServlet.java:309)
	at io.undertow.servlet@2.2.12.Final//io.undertow.servlet.core.ManagedServlet.createServlet(ManagedServlet.java:145)
	at io.undertow.servlet@2.2.12.Final//io.undertow.servlet.core.DeploymentManagerImpl$2.call(DeploymentManagerImpl.java:588)
	at io.undertow.servlet@2.2.12.Final//io.undertow.servlet.core.DeploymentManagerImpl$2.call(DeploymentManagerImpl.java:559)
	at io.undertow.servlet@2.2.12.Final//io.undertow.servlet.core.ServletRequestContextThreadSetupAction$1.call(ServletRequestContextThreadSetupAction.java:42)
	at io.undertow.servlet@2.2.12.Final//io.undertow.servlet.core.ContextClassLoaderSetupAction$1.call(ContextClassLoaderSetupAction.java:43)
	at org.wildfly.extension.undertow@25.0.1.Final//org.wildfly.extension.undertow.deployment.UndertowDeploymentInfoService$UndertowThreadSetupAction.lambda$create$0(UndertowDeploymentInfoService.java:1544)
	at org.wildfly.extension.undertow@25.0.1.Final//org.wildfly.extension.undertow.deployment.UndertowDeploymentInfoService$UndertowThreadSetupAction.lambda$create$0(UndertowDeploymentInfoService.java:1544)
	at org.wildfly.extension.undertow@25.0.1.Final//org.wildfly.extension.undertow.deployment.UndertowDeploymentInfoService$UndertowThreadSetupAction.lambda$create$0(UndertowDeploymentInfoService.java:1544)
	at org.wildfly.extension.undertow@25.0.1.Final//org.wildfly.extension.undertow.deployment.UndertowDeploymentInfoService$UndertowThreadSetupAction.lambda$create$0(UndertowDeploymentInfoService.java:1544)
	at org.wildfly.extension.undertow@25.0.1.Final//org.wildfly.extension.undertow.deployment.UndertowDeploymentInfoService$UndertowThreadSetupAction.lambda$create$0(UndertowDeploymentInfoService.java:1544)
	at io.undertow.servlet@2.2.12.Final//io.undertow.servlet.core.DeploymentManagerImpl.start(DeploymentManagerImpl.java:601)
	at org.wildfly.extension.undertow@25.0.1.Final//org.wildfly.extension.undertow.deployment.UndertowDeploymentService.startContext(UndertowDeploymentService.java:106)
	at org.wildfly.extension.undertow@25.0.1.Final//org.wildfly.extension.undertow.deployment.UndertowDeploymentService$1.run(UndertowDeploymentService.java:87)
	at java.base/java.util.concurrent.Executors$RunnableAdapter.call(Executors.java:572)
	at java.base/java.util.concurrent.FutureTask.run(FutureTask.java:317)
	at org.jboss.threads@2.4.0.Final//org.jboss.threads.ContextClassLoaderSavingRunnable.run(ContextClassLoaderSavingRunnable.java:35)
	at org.jboss.threads@2.4.0.Final//org.jboss.threads.EnhancedQueueExecutor.safeRun(EnhancedQueueExecutor.java:1990)
	at org.jboss.threads@2.4.0.Final//org.jboss.threads.EnhancedQueueExecutor$ThreadBody.doRunTask(EnhancedQueueExecutor.java:1486)
	at org.jboss.threads@2.4.0.Final//org.jboss.threads.EnhancedQueueExecutor$ThreadBody.run(EnhancedQueueExecutor.java:1377)
	at java.base/java.lang.Thread.run(Thread.java:1570)
	at org.jboss.threads@2.4.0.Final//org.jboss.threads.JBossThread.run(JBossThread.java:513)
Caused by: org.postgresql.util.PSQLException: ERROR: column "number_of_flats_on_floor" of relation "houses" contains null values
	at deployment.vehiclemanager.war//org.postgresql.core.v3.QueryExecutorImpl.receiveErrorResponse(QueryExecutorImpl.java:2734)
	at deployment.vehiclemanager.war//org.postgresql.core.v3.QueryExecutorImpl.processResults(QueryExecutorImpl.java:2421)
	at deployment.vehiclemanager.war//org.postgresql.core.v3.QueryExecutorImpl.execute(QueryExecutorImpl.java:372)
	at deployment.vehiclemanager.war//org.postgresql.jdbc.PgStatement.executeInternal(PgStatement.java:518)
	at deployment.vehiclemanager.war//org.postgresql.jdbc.PgStatement.execute(PgStatement.java:435)
	at deployment.vehiclemanager.war//org.postgresql.jdbc.PgStatement.executeWithFlags(PgStatement.java:357)
	at deployment.vehiclemanager.war//org.postgresql.jdbc.PgStatement.executeCachedSql(PgStatement.java:342)
	at deployment.vehiclemanager.war//org.postgresql.jdbc.PgStatement.executeWithFlags(PgStatement.java:318)
	at deployment.vehiclemanager.war//org.postgresql.jdbc.PgStatement.execute(PgStatement.java:313)
	at deployment.vehiclemanager.war//org.hibernate.tool.schema.internal.exec.GenerationTargetToDatabase.accept(GenerationTargetToDatabase.java:54)
	... 58 more

2025-12-02 00:11:55,361 INFO  [stdout] (ServerService Thread Pool -- 116) Hibernate: 
2025-12-02 00:11:55,361 INFO  [stdout] (ServerService Thread Pool -- 116)     
2025-12-02 00:11:55,361 INFO  [stdout] (ServerService Thread Pool -- 116)     alter table houses 
2025-12-02 00:11:55,361 INFO  [stdout] (ServerService Thread Pool -- 116)        add column number_of_lifts int4 not null check(number_of_lifts>=1)
2025-12-02 00:11:55,362 WARN  [org.hibernate.tool.schema.internal.ExceptionHandlerLoggedImpl] (ServerService Thread Pool -- 116) GenerationTarget encountered exception accepting command : Error executing DDL "
    alter table houses 
       add column number_of_lifts int4 not null check(number_of_lifts>=1)" via JDBC Statement: org.hibernate.tool.schema.spi.CommandAcceptanceException: Error executing DDL "
    alter table houses 
       add column number_of_lifts int4 not null check(number_of_lifts>=1)" via JDBC Statement
	at deployment.vehiclemanager.war//org.hibernate.tool.schema.internal.exec.GenerationTargetToDatabase.accept(GenerationTargetToDatabase.java:67)
	at deployment.vehiclemanager.war//org.hibernate.tool.schema.internal.AbstractSchemaMigrator.applySqlString(AbstractSchemaMigrator.java:581)
	at deployment.vehiclemanager.war//org.hibernate.tool.schema.internal.AbstractSchemaMigrator.applySqlStrings(AbstractSchemaMigrator.java:602)
	at deployment.vehiclemanager.war//org.hibernate.tool.schema.internal.AbstractSchemaMigrator.migrateTable(AbstractSchemaMigrator.java:314)
	at deployment.vehiclemanager.war//org.hibernate.tool.schema.internal.GroupedSchemaMigratorImpl.performTablesMigration(GroupedSchemaMigratorImpl.java:78)
	at deployment.vehiclemanager.war//org.hibernate.tool.schema.internal.AbstractSchemaMigrator.performMigration(AbstractSchemaMigrator.java:220)
	at deployment.vehiclemanager.war//org.hibernate.tool.schema.internal.AbstractSchemaMigrator.doMigration(AbstractSchemaMigrator.java:123)
	at deployment.vehiclemanager.war//org.hibernate.tool.schema.spi.SchemaManagementToolCoordinator.performDatabaseAction(SchemaManagementToolCoordinator.java:196)
	at deployment.vehiclemanager.war//org.hibernate.tool.schema.spi.SchemaManagementToolCoordinator.process(SchemaManagementToolCoordinator.java:85)
	at deployment.vehiclemanager.war//org.hibernate.internal.SessionFactoryImpl.<init>(SessionFactoryImpl.java:335)
	at deployment.vehiclemanager.war//org.hibernate.boot.internal.SessionFactoryBuilderImpl.build(SessionFactoryBuilderImpl.java:471)
	at deployment.vehiclemanager.war//org.hibernate.jpa.boot.internal.EntityManagerFactoryBuilderImpl.build(EntityManagerFactoryBuilderImpl.java:1498)
	at deployment.vehiclemanager.war//org.springframework.orm.jpa.vendor.SpringHibernateJpaPersistenceProvider.createContainerEntityManagerFactory(SpringHibernateJpaPersistenceProvider.java:58)
	at deployment.vehiclemanager.war//org.springframework.orm.jpa.LocalContainerEntityManagerFactoryBean.createNativeEntityManagerFactory(LocalContainerEntityManagerFactoryBean.java:365)
	at deployment.vehiclemanager.war//org.springframework.orm.jpa.AbstractEntityManagerFactoryBean.buildNativeEntityManagerFactory(AbstractEntityManagerFactoryBean.java:409)
	at deployment.vehiclemanager.war//org.springframework.orm.jpa.AbstractEntityManagerFactoryBean.afterPropertiesSet(AbstractEntityManagerFactoryBean.java:396)
	at deployment.vehiclemanager.war//org.springframework.orm.jpa.LocalContainerEntityManagerFactoryBean.afterPropertiesSet(LocalContainerEntityManagerFactoryBean.java:341)
	at deployment.vehiclemanager.war//org.springframework.beans.factory.support.AbstractAutowireCapableBeanFactory.invokeInitMethods(AbstractAutowireCapableBeanFactory.java:1863)
	at deployment.vehiclemanager.war//org.springframework.beans.factory.support.AbstractAutowireCapableBeanFactory.initializeBean(AbstractAutowireCapableBeanFactory.java:1800)
	at deployment.vehiclemanager.war//org.springframework.beans.factory.support.AbstractAutowireCapableBeanFactory.doCreateBean(AbstractAutowireCapableBeanFactory.java:620)
	at deployment.vehiclemanager.war//org.springframework.beans.factory.support.AbstractAutowireCapableBeanFactory.createBean(AbstractAutowireCapableBeanFactory.java:542)
	at deployment.vehiclemanager.war//org.springframework.beans.factory.support.AbstractBeanFactory.lambda$doGetBean$0(AbstractBeanFactory.java:335)
	at deployment.vehiclemanager.war//org.springframework.beans.factory.support.DefaultSingletonBeanRegistry.getSingleton(DefaultSingletonBeanRegistry.java:234)
	at deployment.vehiclemanager.war//org.springframework.beans.factory.support.AbstractBeanFactory.doGetBean(AbstractBeanFactory.java:333)
	at deployment.vehiclemanager.war//org.springframework.beans.factory.support.AbstractBeanFactory.getBean(AbstractBeanFactory.java:208)
	at deployment.vehiclemanager.war//org.springframework.context.support.AbstractApplicationContext.getBean(AbstractApplicationContext.java:1154)
	at deployment.vehiclemanager.war//org.springframework.context.support.AbstractApplicationContext.finishBeanFactoryInitialization(AbstractApplicationContext.java:908)
	at deployment.vehiclemanager.war//org.springframework.context.support.AbstractApplicationContext.refresh(AbstractApplicationContext.java:583)
	at deployment.vehiclemanager.war//org.springframework.web.servlet.FrameworkServlet.configureAndRefreshWebApplicationContext(FrameworkServlet.java:702)
	at deployment.vehiclemanager.war//org.springframework.web.servlet.FrameworkServlet.initWebApplicationContext(FrameworkServlet.java:578)
	at deployment.vehiclemanager.war//org.springframework.web.servlet.FrameworkServlet.initServletBean(FrameworkServlet.java:530)
	at deployment.vehiclemanager.war//org.springframework.web.servlet.HttpServletBean.init(HttpServletBean.java:170)
	at javax.servlet.api@2.0.0.Final//javax.servlet.GenericServlet.init(GenericServlet.java:180)
	at io.undertow.servlet@2.2.12.Final//io.undertow.servlet.core.LifecyleInterceptorInvocation.proceed(LifecyleInterceptorInvocation.java:117)
	at org.wildfly.security.elytron-web.undertow-server-servlet@1.10.0.Final//org.wildfly.elytron.web.undertow.server.servlet.RunAsLifecycleInterceptor.doIt(RunAsLifecycleInterceptor.java:70)
	at org.wildfly.security.elytron-web.undertow-server-servlet@1.10.0.Final//org.wildfly.elytron.web.undertow.server.servlet.RunAsLifecycleInterceptor.init(RunAsLifecycleInterceptor.java:76)
	at io.undertow.servlet@2.2.12.Final//io.undertow.servlet.core.LifecyleInterceptorInvocation.proceed(LifecyleInterceptorInvocation.java:103)
	at io.undertow.servlet@2.2.12.Final//io.undertow.servlet.core.ManagedServlet$DefaultInstanceStrategy.start(ManagedServlet.java:309)
	at io.undertow.servlet@2.2.12.Final//io.undertow.servlet.core.ManagedServlet.createServlet(ManagedServlet.java:145)
	at io.undertow.servlet@2.2.12.Final//io.undertow.servlet.core.DeploymentManagerImpl$2.call(DeploymentManagerImpl.java:588)
	at io.undertow.servlet@2.2.12.Final//io.undertow.servlet.core.DeploymentManagerImpl$2.call(DeploymentManagerImpl.java:559)
	at io.undertow.servlet@2.2.12.Final//io.undertow.servlet.core.ServletRequestContextThreadSetupAction$1.call(ServletRequestContextThreadSetupAction.java:42)
	at io.undertow.servlet@2.2.12.Final//io.undertow.servlet.core.ContextClassLoaderSetupAction$1.call(ContextClassLoaderSetupAction.java:43)
	at org.wildfly.extension.undertow@25.0.1.Final//org.wildfly.extension.undertow.deployment.UndertowDeploymentInfoService$UndertowThreadSetupAction.lambda$create$0(UndertowDeploymentInfoService.java:1544)
	at org.wildfly.extension.undertow@25.0.1.Final//org.wildfly.extension.undertow.deployment.UndertowDeploymentInfoService$UndertowThreadSetupAction.lambda$create$0(UndertowDeploymentInfoService.java:1544)
	at org.wildfly.extension.undertow@25.0.1.Final//org.wildfly.extension.undertow.deployment.UndertowDeploymentInfoService$UndertowThreadSetupAction.lambda$create$0(UndertowDeploymentInfoService.java:1544)
	at org.wildfly.extension.undertow@25.0.1.Final//org.wildfly.extension.undertow.deployment.UndertowDeploymentInfoService$UndertowThreadSetupAction.lambda$create$0(UndertowDeploymentInfoService.java:1544)
	at org.wildfly.extension.undertow@25.0.1.Final//org.wildfly.extension.undertow.deployment.UndertowDeploymentInfoService$UndertowThreadSetupAction.lambda$create$0(UndertowDeploymentInfoService.java:1544)
	at io.undertow.servlet@2.2.12.Final//io.undertow.servlet.core.DeploymentManagerImpl.start(DeploymentManagerImpl.java:601)
	at org.wildfly.extension.undertow@25.0.1.Final//org.wildfly.extension.undertow.deployment.UndertowDeploymentService.startContext(UndertowDeploymentService.java:106)
	at org.wildfly.extension.undertow@25.0.1.Final//org.wildfly.extension.undertow.deployment.UndertowDeploymentService$1.run(UndertowDeploymentService.java:87)
	at java.base/java.util.concurrent.Executors$RunnableAdapter.call(Executors.java:572)
	at java.base/java.util.concurrent.FutureTask.run(FutureTask.java:317)
	at org.jboss.threads@2.4.0.Final//org.jboss.threads.ContextClassLoaderSavingRunnable.run(ContextClassLoaderSavingRunnable.java:35)
	at org.jboss.threads@2.4.0.Final//org.jboss.threads.EnhancedQueueExecutor.safeRun(EnhancedQueueExecutor.java:1990)
	at org.jboss.threads@2.4.0.Final//org.jboss.threads.EnhancedQueueExecutor$ThreadBody.doRunTask(EnhancedQueueExecutor.java:1486)
	at org.jboss.threads@2.4.0.Final//org.jboss.threads.EnhancedQueueExecutor$ThreadBody.run(EnhancedQueueExecutor.java:1377)
	at java.base/java.lang.Thread.run(Thread.java:1570)
	at org.jboss.threads@2.4.0.Final//org.jboss.threads.JBossThread.run(JBossThread.java:513)
Caused by: org.postgresql.util.PSQLException: ERROR: column "number_of_lifts" of relation "houses" contains null values
	at deployment.vehiclemanager.war//org.postgresql.core.v3.QueryExecutorImpl.receiveErrorResponse(QueryExecutorImpl.java:2734)
	at deployment.vehiclemanager.war//org.postgresql.core.v3.QueryExecutorImpl.processResults(QueryExecutorImpl.java:2421)
	at deployment.vehiclemanager.war//org.postgresql.core.v3.QueryExecutorImpl.execute(QueryExecutorImpl.java:372)
	at deployment.vehiclemanager.war//org.postgresql.jdbc.PgStatement.executeInternal(PgStatement.java:518)
	at deployment.vehiclemanager.war//org.postgresql.jdbc.PgStatement.execute(PgStatement.java:435)
	at deployment.vehiclemanager.war//org.postgresql.jdbc.PgStatement.executeWithFlags(PgStatement.java:357)
	at deployment.vehiclemanager.war//org.postgresql.jdbc.PgStatement.executeCachedSql(PgStatement.java:342)
	at deployment.vehiclemanager.war//org.postgresql.jdbc.PgStatement.executeWithFlags(PgStatement.java:318)
	at deployment.vehiclemanager.war//org.postgresql.jdbc.PgStatement.execute(PgStatement.java:313)
	at deployment.vehiclemanager.war//org.hibernate.tool.schema.internal.exec.GenerationTargetToDatabase.accept(GenerationTargetToDatabase.java:54)
	... 58 more

2025-12-02 00:11:55,433 INFO  [org.hibernate.engine.transaction.jta.platform.internal.JtaPlatformInitiator] (ServerService Thread Pool -- 116) HHH000490: Using JtaPlatform implementation: [org.hibernate.engine.transaction.jta.platform.internal.WildFlyStandAloneJtaPlatform]
2025-12-02 00:11:55,440 INFO  [org.springframework.orm.jpa.LocalContainerEntityManagerFactoryBean] (ServerService Thread Pool -- 116) Initialized JPA EntityManagerFactory for persistence unit 'default'
2025-12-02 00:11:55,572 INFO  [org.springframework.messaging.simp.broker.SimpleBrokerMessageHandler] (ServerService Thread Pool -- 116) Starting...
2025-12-02 00:11:55,572 INFO  [org.springframework.messaging.simp.broker.SimpleBrokerMessageHandler] (ServerService Thread Pool -- 116) BrokerAvailabilityEvent[available=true, SimpleBrokerMessageHandler [org.springframework.messaging.simp.broker.DefaultSubscriptionRegistry@457c5a59]]
2025-12-02 00:11:55,572 INFO  [org.springframework.messaging.simp.broker.SimpleBrokerMessageHandler] (ServerService Thread Pool -- 116) Started.
2025-12-02 00:11:55,573 INFO  [org.springframework.web.servlet.DispatcherServlet] (ServerService Thread Pool -- 116) Completed initialization in 323 ms
2025-12-02 00:11:55,573 INFO  [org.wildfly.extension.undertow] (ServerService Thread Pool -- 116) WFLYUT0021: Registered web context: '/vehiclemanager' for server 'default-server'
2025-12-02 00:11:55,580 INFO  [org.jboss.as.server] (DeploymentScanner-threads - 2) WFLYSRV0010: Deployed "vehiclemanager.war" (runtime-name : "vehiclemanager.war")
2025-12-02 00:12:55,570 INFO  [org.springframework.web.socket.config.WebSocketMessageBrokerStats] (MessageBroker-1) WebSocketSession[0 current WS(0)-HttpStream(0)-HttpPoll(0), 0 total, 0 closed abnormally (0 connect failure, 0 send limit, 0 transport error)], stompSubProtocol[processed CONNECT(0)-CONNECTED(0)-DISCONNECT(0)], stompBrokerRelay[null], inboundChannel[pool size = 0, active threads = 0, queued tasks = 0, completed tasks = 0], outboundChannel[pool size = 0, active threads = 0, queued tasks = 0, completed tasks = 0], sockJsScheduler[pool size = 1, active threads = 1, queued tasks = 0, completed tasks = 0]
2025-12-02 00:12:56,043 INFO  [stdout] (default task-2) Hibernate: 
2025-12-02 00:12:56,043 INFO  [stdout] (default task-2)     select
2025-12-02 00:12:56,043 INFO  [stdout] (default task-2)         vehicle0_.id as id1_3_,
2025-12-02 00:12:56,043 INFO  [stdout] (default task-2)         vehicle0_.capacity as capacity2_3_,
2025-12-02 00:12:56,043 INFO  [stdout] (default task-2)         vehicle0_.coordinates_id as coordin11_3_,
2025-12-02 00:12:56,043 INFO  [stdout] (default task-2)         vehicle0_.creation_date as creation3_3_,
2025-12-02 00:12:56,043 INFO  [stdout] (default task-2)         vehicle0_.distance_travelled as distance4_3_,
2025-12-02 00:12:56,043 INFO  [stdout] (default task-2)         vehicle0_.engine_power as engine_p5_3_,
2025-12-02 00:12:56,043 INFO  [stdout] (default task-2)         vehicle0_.fuel_consumption as fuel_con6_3_,
2025-12-02 00:12:56,043 INFO  [stdout] (default task-2)         vehicle0_.fuel_type as fuel_typ7_3_,
2025-12-02 00:12:56,043 INFO  [stdout] (default task-2)         vehicle0_.name as name8_3_,
2025-12-02 00:12:56,043 INFO  [stdout] (default task-2)         vehicle0_.number_of_wheels as number_o9_3_,
2025-12-02 00:12:56,043 INFO  [stdout] (default task-2)         vehicle0_.vehicle_type as vehicle10_3_ 
2025-12-02 00:12:56,043 INFO  [stdout] (default task-2)     from
2025-12-02 00:12:56,043 INFO  [stdout] (default task-2)         vehicles vehicle0_ limit ?
2025-12-02 00:12:56,059 INFO  [stdout] (default task-2) Hibernate: 
2025-12-02 00:12:56,059 INFO  [stdout] (default task-2)     select
2025-12-02 00:12:56,059 INFO  [stdout] (default task-2)         coordinate0_.id as id1_0_0_,
2025-12-02 00:12:56,059 INFO  [stdout] (default task-2)         coordinate0_.x as x2_0_0_,
2025-12-02 00:12:56,059 INFO  [stdout] (default task-2)         coordinate0_.y as y3_0_0_ 
2025-12-02 00:12:56,059 INFO  [stdout] (default task-2)     from
2025-12-02 00:12:56,060 INFO  [stdout] (default task-2)         coordinates coordinate0_ 
2025-12-02 00:12:56,060 INFO  [stdout] (default task-2)     where
2025-12-02 00:12:56,060 INFO  [stdout] (default task-2)         coordinate0_.id=?
2025-12-02 00:12:56,097 INFO  [stdout] (default task-2) Hibernate: 
2025-12-02 00:12:56,097 INFO  [stdout] (default task-2)     select
2025-12-02 00:12:56,097 INFO  [stdout] (default task-2)         count(vehicle0_.id) as col_0_0_ 
2025-12-02 00:12:56,097 INFO  [stdout] (default task-2)     from
2025-12-02 00:12:56,097 INFO  [stdout] (default task-2)         vehicles vehicle0_
2025-12-02 00:12:56,121 INFO  [stdout] (default task-2) Hibernate: 
2025-12-02 00:12:56,121 INFO  [stdout] (default task-2)     select
2025-12-02 00:12:56,121 INFO  [stdout] (default task-2)         coordinate0_.id as id1_0_,
2025-12-02 00:12:56,121 INFO  [stdout] (default task-2)         coordinate0_.x as x2_0_,
2025-12-02 00:12:56,121 INFO  [stdout] (default task-2)         coordinate0_.y as y3_0_ 
2025-12-02 00:12:56,121 INFO  [stdout] (default task-2)     from
2025-12-02 00:12:56,121 INFO  [stdout] (default task-2)         coordinates coordinate0_
2025-12-02 00:18:16,104 INFO  [org.jboss.as.repository] (ServerService Thread Pool -- 95) WFLYDR0009: Content /Users/nokia208dualsim/IdeaProjects/is-lab1/wildfly-25.0.1.Final/standalone/data/content/8c/b99ffa8e4b1a21da72b2fac6e58fc81788a9e2 is obsolete and will be removed
2025-12-02 00:18:16,110 INFO  [org.jboss.as.repository] (ServerService Thread Pool -- 95) WFLYDR0002: Content removed from location /Users/nokia208dualsim/IdeaProjects/is-lab1/wildfly-25.0.1.Final/standalone/data/content/8c/b99ffa8e4b1a21da72b2fac6e58fc81788a9e2/content
2025-12-02 00:48:37,242 INFO  [org.springframework.web.socket.config.WebSocketMessageBrokerStats] (MessageBroker-1) WebSocketSession[0 current WS(0)-HttpStream(0)-HttpPoll(0), 0 total, 0 closed abnormally (0 connect failure, 0 send limit, 0 transport error)], stompSubProtocol[processed CONNECT(0)-CONNECTED(0)-DISCONNECT(0)], stompBrokerRelay[null], inboundChannel[pool size = 0, active threads = 0, queued tasks = 0, completed tasks = 0], outboundChannel[pool size = 0, active threads = 0, queued tasks = 0, completed tasks = 0], sockJsScheduler[pool size = 2, active threads = 1, queued tasks = 0, completed tasks = 1]
2025-12-02 01:18:37,180 INFO  [org.springframework.web.socket.config.WebSocketMessageBrokerStats] (MessageBroker-2) WebSocketSession[0 current WS(0)-HttpStream(0)-HttpPoll(0), 0 total, 0 closed abnormally (0 connect failure, 0 send limit, 0 transport error)], stompSubProtocol[processed CONNECT(0)-CONNECTED(0)-DISCONNECT(0)], stompBrokerRelay[null], inboundChannel[pool size = 0, active threads = 0, queued tasks = 0, completed tasks = 0], outboundChannel[pool size = 0, active threads = 0, queued tasks = 0, completed tasks = 0], sockJsScheduler[pool size = 3, active threads = 1, queued tasks = 0, completed tasks = 2]
2025-12-02 01:48:37,184 INFO  [org.springframework.web.socket.config.WebSocketMessageBrokerStats] (MessageBroker-1) WebSocketSession[0 current WS(0)-HttpStream(0)-HttpPoll(0), 0 total, 0 closed abnormally (0 connect failure, 0 send limit, 0 transport error)], stompSubProtocol[processed CONNECT(0)-CONNECTED(0)-DISCONNECT(0)], stompBrokerRelay[null], inboundChannel[pool size = 0, active threads = 0, queued tasks = 0, completed tasks = 0], outboundChannel[pool size = 0, active threads = 0, queued tasks = 0, completed tasks = 0], sockJsScheduler[pool size = 4, active threads = 1, queued tasks = 0, completed tasks = 3]
2025-12-02 02:18:37,217 INFO  [org.springframework.web.socket.config.WebSocketMessageBrokerStats] (MessageBroker-3) WebSocketSession[0 current WS(0)-HttpStream(0)-HttpPoll(0), 0 total, 0 closed abnormally (0 connect failure, 0 send limit, 0 transport error)], stompSubProtocol[processed CONNECT(0)-CONNECTED(0)-DISCONNECT(0)], stompBrokerRelay[null], inboundChannel[pool size = 0, active threads = 0, queued tasks = 0, completed tasks = 0], outboundChannel[pool size = 0, active threads = 0, queued tasks = 0, completed tasks = 0], sockJsScheduler[pool size = 5, active threads = 1, queued tasks = 0, completed tasks = 4]
2025-12-02 02:48:37,381 INFO  [org.springframework.web.socket.config.WebSocketMessageBrokerStats] (MessageBroker-2) WebSocketSession[0 current WS(0)-HttpStream(0)-HttpPoll(0), 0 total, 0 closed abnormally (0 connect failure, 0 send limit, 0 transport error)], stompSubProtocol[processed CONNECT(0)-CONNECTED(0)-DISCONNECT(0)], stompBrokerRelay[null], inboundChannel[pool size = 0, active threads = 0, queued tasks = 0, completed tasks = 0], outboundChannel[pool size = 0, active threads = 0, queued tasks = 0, completed tasks = 0], sockJsScheduler[pool size = 6, active threads = 1, queued tasks = 0, completed tasks = 5]
2025-12-02 03:18:37,454 INFO  [org.springframework.web.socket.config.WebSocketMessageBrokerStats] (MessageBroker-4) WebSocketSession[0 current WS(0)-HttpStream(0)-HttpPoll(0), 0 total, 0 closed abnormally (0 connect failure, 0 send limit, 0 transport error)], stompSubProtocol[processed CONNECT(0)-CONNECTED(0)-DISCONNECT(0)], stompBrokerRelay[null], inboundChannel[pool size = 0, active threads = 0, queued tasks = 0, completed tasks = 0], outboundChannel[pool size = 0, active threads = 0, queued tasks = 0, completed tasks = 0], sockJsScheduler[pool size = 7, active threads = 1, queued tasks = 0, completed tasks = 6]
2025-12-02 13:18:49,583 INFO  [org.springframework.web.socket.config.WebSocketMessageBrokerStats] (MessageBroker-1) WebSocketSession[0 current WS(0)-HttpStream(0)-HttpPoll(0), 0 total, 0 closed abnormally (0 connect failure, 0 send limit, 0 transport error)], stompSubProtocol[processed CONNECT(0)-CONNECTED(0)-DISCONNECT(0)], stompBrokerRelay[null], inboundChannel[pool size = 0, active threads = 0, queued tasks = 0, completed tasks = 0], outboundChannel[pool size = 0, active threads = 0, queued tasks = 0, completed tasks = 0], sockJsScheduler[pool size = 8, active threads = 1, queued tasks = 0, completed tasks = 7]
2025-12-02 13:48:49,469 INFO  [org.springframework.web.socket.config.WebSocketMessageBrokerStats] (MessageBroker-1) WebSocketSession[0 current WS(0)-HttpStream(0)-HttpPoll(0), 0 total, 0 closed abnormally (0 connect failure, 0 send limit, 0 transport error)], stompSubProtocol[processed CONNECT(0)-CONNECTED(0)-DISCONNECT(0)], stompBrokerRelay[null], inboundChannel[pool size = 0, active threads = 0, queued tasks = 0, completed tasks = 0], outboundChannel[pool size = 0, active threads = 0, queued tasks = 0, completed tasks = 0], sockJsScheduler[pool size = 8, active threads = 1, queued tasks = 0, completed tasks = 8]
2025-12-02 14:18:49,495 INFO  [org.springframework.web.socket.config.WebSocketMessageBrokerStats] (MessageBroker-1) WebSocketSession[0 current WS(0)-HttpStream(0)-HttpPoll(0), 0 total, 0 closed abnormally (0 connect failure, 0 send limit, 0 transport error)], stompSubProtocol[processed CONNECT(0)-CONNECTED(0)-DISCONNECT(0)], stompBrokerRelay[null], inboundChannel[pool size = 0, active threads = 0, queued tasks = 0, completed tasks = 0], outboundChannel[pool size = 0, active threads = 0, queued tasks = 0, completed tasks = 0], sockJsScheduler[pool size = 8, active threads = 1, queued tasks = 0, completed tasks = 9]
2025-12-02 14:48:49,518 INFO  [org.springframework.web.socket.config.WebSocketMessageBrokerStats] (MessageBroker-1) WebSocketSession[0 current WS(0)-HttpStream(0)-HttpPoll(0), 0 total, 0 closed abnormally (0 connect failure, 0 send limit, 0 transport error)], stompSubProtocol[processed CONNECT(0)-CONNECTED(0)-DISCONNECT(0)], stompBrokerRelay[null], inboundChannel[pool size = 0, active threads = 0, queued tasks = 0, completed tasks = 0], outboundChannel[pool size = 0, active threads = 0, queued tasks = 0, completed tasks = 0], sockJsScheduler[pool size = 8, active threads = 1, queued tasks = 0, completed tasks = 10]
2025-12-02 15:18:49,665 INFO  [org.springframework.web.socket.config.WebSocketMessageBrokerStats] (MessageBroker-1) WebSocketSession[0 current WS(0)-HttpStream(0)-HttpPoll(0), 0 total, 0 closed abnormally (0 connect failure, 0 send limit, 0 transport error)], stompSubProtocol[processed CONNECT(0)-CONNECTED(0)-DISCONNECT(0)], stompBrokerRelay[null], inboundChannel[pool size = 0, active threads = 0, queued tasks = 0, completed tasks = 0], outboundChannel[pool size = 0, active threads = 0, queued tasks = 0, completed tasks = 0], sockJsScheduler[pool size = 8, active threads = 1, queued tasks = 0, completed tasks = 11]
2025-12-02 15:48:49,689 INFO  [org.springframework.web.socket.config.WebSocketMessageBrokerStats] (MessageBroker-2) WebSocketSession[2 current WS(2)-HttpStream(0)-HttpPoll(0), 2 total, 0 closed abnormally (0 connect failure, 0 send limit, 0 transport error)], stompSubProtocol[processed CONNECT(2)-CONNECTED(2)-DISCONNECT(0)], stompBrokerRelay[null], inboundChannel[pool size = 0, active threads = 0, queued tasks = 0, completed tasks = 12], outboundChannel[pool size = 0, active threads = 0, queued tasks = 0, completed tasks = 2], sockJsScheduler[pool size = 8, active threads = 1, queued tasks = 3, completed tasks = 94]
